sep=,,,,,,,,,,,,,,,,,,,,,,,
Observadores,Nombres_Observadores,Apellidos_Observadores,Direccion_Completa,Numero_de_Telefono,Genero,Edad,Region,Elemento_A,Elemento_B,Elemento_C,Caracteristica_1,Mejor_Elemento_1,Peor_Elemento_1,Caracteristica_2,Mejor_Elemento_2,Peor_Elemento_2,Caracteristica_3,Mejor_Elemento_3,Peor_Elemento_3,Caracteristica_4,ElementoA_4,ElementoB_4,ElementoC_4
Frijol_1,XX_1,YY_1,CALLE ZZ1 NUMERO 300 PUEBLO A,85462498,M,32,A,Bayo,Vaina Morada,Jamapa,Vigor-(A/B/C...),C,B,Produccion-(A/B/C...),B,C,Desempeno_General-(A/B/C...),C,B,Desempeno_General_VS_Local-(Mejor/Peor),Mejor,Peor,Mejor
Frijol_2,XX_2,YY_2,CALLE ZZ2 NUMERO 299 PUEBLO A,85472731,M,38,A,Michigan,Jamapa,Negro Criollo,Vigor-(A/B/C...),B,A,Produccion-(A/B/C...),A,B,Desempeno_General-(A/B/C...),B,A,Desempeno_General_VS_Local-(Mejor/Peor),Mejor,Mejor,Peor
Frijol_3,XX_3,YY_3,CALLE ZZ3 NUMERO 298 PUEBLO A,85482964,M,39,A,Vaina Morada,Bayo,Vaina Blanca,Vigor-(A/B/C...),B,C,Produccion-(A/B/C...),C,B,Desempeno_General-(A/B/C...),B,C,Desempeno_General_VS_Local-(Mejor/Peor),Peor,Mejor,Peor
Frijol_4,XX_4,YY_4,CALLE ZZ4 NUMERO 297 PUEBLO A,85493197,M,29,A,Bayo,Michigan,Vaina Morada,Vigor-(A/B/C...),A,C,Produccion-(A/B/C...),C,A,Desempeno_General-(A/B/C...),A,C,Desempeno_General_VS_Local-(Mejor/Peor),Mejor,Mejor,Peor
Frijol_5,XX_5,YY_5,CALLE ZZ5 NUMERO 296 PUEBLO A,85503430,M,38,A,Vaina Blanca,Jamapa,Negro Criollo,Vigor-(A/B/C...),B,A,Produccion-(A/B/C...),A,B,Desempeno_General-(A/B/C...),B,A,Desempeno_General_VS_Local-(Mejor/Peor),Peor,Mejor,Peor
Frijol_6,XX_6,YY_6,CALLE ZZ6 NUMERO 295 PUEBLO A,85513663,M,34,A,Michigan,Talete,Jamapa,Vigor-(A/B/C...),C,A,Produccion-(A/B/C...),A,C,Desempeno_General-(A/B/C...),C,A,Desempeno_General_VS_Local-(Mejor/Peor),Mejor,Peor,Mejor
Frijol_7,XX_7,YY_7,CALLE ZZ7 NUMERO 294 PUEBLO A,85523896,M,35,A,Vaina Blanca,Michigan,Vaina Morada,Vigor-(A/B/C...),B,C,Produccion-(A/B/C...),C,B,Desempeno_General-(A/B/C...),B,C,Desempeno_General_VS_Local-(Mejor/Peor),Peor,Mejor,Peor
Frijol_8,XX_8,YY_8,CALLE ZZ8 NUMERO 293 PUEBLO A,85534129,M,36,A,Vaina Blanca,Vaina Morada,Nayait,Vigor-(A/B/C...),C,A,Produccion-(A/B/C...),A,C,Desempeno_General-(A/B/C...),C,A,Desempeno_General_VS_Local-(Mejor/Peor),Peor,Peor,Peor
Frijol_9,XX_9,YY_9,CALLE ZZ9 NUMERO 292 PUEBLO A,85544362,M,39,A,Negro Criollo,Vaina Blanca,Nayait,Vigor-(A/B/C...),A,B,Produccion-(A/B/C...),B,A,Desempeno_General-(A/B/C...),A,B,Desempeno_General_VS_Local-(Mejor/Peor),Peor,Peor,Peor
Frijol_10,XX_10,YY_10,CALLE ZZ10 NUMERO 291 PUEBLO A,85554595,M,37,A,Nayait,Negro Criollo,Vaina Blanca,Vigor-(A/B/C...),B,C,Produccion-(A/B/C...),C,B,Desempeno_General-(A/B/C...),B,C,Desempeno_General_VS_Local-(Mejor/Peor),Peor,Peor,Peor
Frijol_11,XX_11,YY_11,CALLE ZZ11 NUMERO 290 PUEBLO A,85564828,M,36,A,Negro Criollo,Michigan,Vaina Morada,Vigor-(A/B/C...),A,C,Produccion-(A/B/C...),C,A,Desempeno_General-(A/B/C...),A,C,Desempeno_General_VS_Local-(Mejor/Peor),Peor,Mejor,Peor
Frijol_12,XX_12,YY_12,CALLE ZZ12 NUMERO 289 PUEBLO A,85575061,M,38,A,Michigan,Talete,Jamapa,Vigor-(A/B/C...),C,A,Produccion-(A/B/C...),A,C,Desempeno_General-(A/B/C...),C,A,Desempeno_General_VS_Local-(Mejor/Peor),Mejor,Peor,Mejor
Frijol_13,XX_13,YY_13,CALLE ZZ13 NUMERO 288 PUEBLO A,85585294,M,33,A,Negro Criollo,Nayait,Vaina Blanca,Vigor-(A/B/C...),B,C,Produccion-(A/B/C...),C,B,Desempeno_General-(A/B/C...),B,C,Desempeno_General_VS_Local-(Mejor/Peor),Peor,Peor,Peor
Frijol_14,XX_14,YY_14,CALLE ZZ14 NUMERO 287 PUEBLO A,85595527,M,40,A,Michigan,Vaina Morada,Talete,Vigor-(A/B/C...),C,B,Produccion-(A/B/C...),B,C,Desempeno_General-(A/B/C...),C,B,Desempeno_General_VS_Local-(Mejor/Peor),Mejor,Peor,Peor
Frijol_15,XX_15,YY_15,CALLE ZZ15 NUMERO 286 PUEBLO A,85605760,M,36,A,Nayait,Bayo,Vaina Morada,Vigor-(A/B/C...),B,C,Produccion-(A/B/C...),C,B,Desempeno_General-(A/B/C...),B,C,Desempeno_General_VS_Local-(Mejor/Peor),Peor,Mejor,Peor
Frijol_16,XX_16,YY_16,CALLE ZZ16 NUMERO 285 PUEBLO A,85615993,M,39,A,Talete,Vaina Blanca,Negro Criollo,Vigor-(A/B/C...),C,B,Produccion-(A/B/C...),B,C,Desempeno_General-(A/B/C...),C,B,Desempeno_General_VS_Local-(Mejor/Peor),Peor,Peor,Peor
Frijol_17,XX_17,YY_17,CALLE ZZ17 NUMERO 284 PUEBLO A,85626226,M,30,A,Talete,Vaina Blanca,Jamapa,Vigor-(A/B/C...),C,B,Produccion-(A/B/C...),B,C,Desempeno_General-(A/B/C...),C,B,Desempeno_General_VS_Local-(Mejor/Peor),Peor,Peor,Mejor
Frijol_18,XX_18,YY_18,CALLE ZZ18 NUMERO 283 PUEBLO A,85636459,M,33,A,Vaina Blanca,Talete,Negro Criollo,Vigor-(A/B/C...),B,A,Produccion-(A/B/C...),A,B,Desempeno_General-(A/B/C...),B,A,Desempeno_General_VS_Local-(Mejor/Peor),Peor,Peor,Peor
Frijol_19,XX_19,YY_19,CALLE ZZ19 NUMERO 282 PUEBLO A,85646692,M,36,A,Negro Criollo,Jamapa,Talete,Vigor-(A/B/C...),B,A,Produccion-(A/B/C...),A,B,Desempeno_General-(A/B/C...),B,A,Desempeno_General_VS_Local-(Mejor/Peor),Peor,Mejor,Peor
Frijol_20,XX_20,YY_20,CALLE ZZ20 NUMERO 281 PUEBLO A,85656925,M,33,A,Negro Criollo,Jamapa,Vaina Blanca,Vigor-(A/B/C...),B,C,Produccion-(A/B/C...),C,B,Desempeno_General-(A/B/C...),B,C,Desempeno_General_VS_Local-(Mejor/Peor),Peor,Mejor,Peor
Frijol_21,XX_21,YY_21,CALLE ZZ21 NUMERO 280 PUEBLO A,85667158,M,36,A,Vaina Blanca,Bayo,Michigan,Vigor-(A/B/C...),B,A,Produccion-(A/B/C...),A,B,Desempeno_General-(A/B/C...),B,A,Desempeno_General_VS_Local-(Mejor/Peor),Peor,Mejor,Mejor
Frijol_22,XX_22,YY_22,CALLE ZZ22 NUMERO 279 PUEBLO A,85677391,M,22,A,Vaina Morada,Michigan,Negro Criollo,Vigor-(A/B/C...),B,A,Produccion-(A/B/C...),A,B,Desempeno_General-(A/B/C...),B,A,Desempeno_General_VS_Local-(Mejor/Peor),Peor,Mejor,Peor
Frijol_23,XX_23,YY_23,CALLE ZZ23 NUMERO 278 PUEBLO A,85687624,M,27,A,Bayo,Vaina Blanca,Michigan,Vigor-(A/B/C...),A,B,Produccion-(A/B/C...),B,A,Desempeno_General-(A/B/C...),A,B,Desempeno_General_VS_Local-(Mejor/Peor),Mejor,Peor,Mejor
Frijol_24,XX_24,YY_24,CALLE ZZ24 NUMERO 277 PUEBLO A,85697857,M,32,A,Bayo,Nayait,Jamapa,Vigor-(A/B/C...),C,B,Produccion-(A/B/C...),B,C,Desempeno_General-(A/B/C...),C,B,Desempeno_General_VS_Local-(Mejor/Peor),Mejor,Peor,Mejor
Frijol_25,XX_25,YY_25,CALLE ZZ25 NUMERO 276 PUEBLO A,85708090,M,39,A,Bayo,Nayait,Talete,Vigor-(A/B/C...),A,B,Produccion-(A/B/C...),B,A,Desempeno_General-(A/B/C...),A,B,Desempeno_General_VS_Local-(Mejor/Peor),Mejor,Peor,Peor
Frijol_26,XX_26,YY_26,CALLE ZZ26 NUMERO 275 PUEBLO A,85718323,M,31,A,Bayo,Jamapa,Nayait,Vigor-(A/B/C...),B,C,Produccion-(A/B/C...),C,B,Desempeno_General-(A/B/C...),B,C,Desempeno_General_VS_Local-(Mejor/Peor),Mejor,Mejor,Peor
Frijol_27,XX_27,YY_27,CALLE ZZ27 NUMERO 274 PUEBLO A,85728556,M,39,A,Negro Criollo,Bayo,Vaina Morada,Vigor-(A/B/C...),B,C,Produccion-(A/B/C...),C,B,Desempeno_General-(A/B/C...),B,C,Desempeno_General_VS_Local-(Mejor/Peor),Peor,Mejor,Peor
Frijol_28,XX_28,YY_28,CALLE ZZ28 NUMERO 273 PUEBLO A,85738789,M,24,A,Vaina Morada,Michigan,Jamapa,Vigor-(A/B/C...),C,A,Produccion-(A/B/C...),A,C,Desempeno_General-(A/B/C...),C,A,Desempeno_General_VS_Local-(Mejor/Peor),Peor,Mejor,Mejor
Frijol_29,XX_29,YY_29,CALLE ZZ29 NUMERO 272 PUEBLO A,85749022,M,38,A,Jamapa,Vaina Morada,Bayo,Vigor-(A/B/C...),C,B,Produccion-(A/B/C...),B,C,Desempeno_General-(A/B/C...),C,B,Desempeno_General_VS_Local-(Mejor/Peor),Mejor,Peor,Mejor
Frijol_30,XX_30,YY_30,CALLE ZZ30 NUMERO 271 PUEBLO A,85759255,M,45,A,Nayait,Bayo,Talete,Vigor-(A/B/C...),B,A,Produccion-(A/B/C...),A,B,Desempeno_General-(A/B/C...),B,A,Desempeno_General_VS_Local-(Mejor/Peor),Peor,Mejor,Peor
Frijol_31,XX_31,YY_31,CALLE ZZ31 NUMERO 270 PUEBLO A,85769488,M,39,A,Nayait,Vaina Morada,Vaina Blanca,Vigor-(A/B/C...),A,C,Produccion-(A/B/C...),C,A,Desempeno_General-(A/B/C...),A,C,Desempeno_General_VS_Local-(Mejor/Peor),Peor,Peor,Peor
Frijol_32,XX_32,YY_32,CALLE ZZ32 NUMERO 269 PUEBLO A,85779721,M,39,A,Vaina Blanca,Michigan,Negro Criollo,Vigor-(A/B/C...),B,A,Produccion-(A/B/C...),A,B,Desempeno_General-(A/B/C...),B,A,Desempeno_General_VS_Local-(Mejor/Peor),Peor,Mejor,Peor
Frijol_33,XX_33,YY_33,CALLE ZZ33 NUMERO 268 PUEBLO A,85789954,M,34,A,Nayait,Michigan,Talete,Vigor-(A/B/C...),C,B,Produccion-(A/B/C...),B,C,Desempeno_General-(A/B/C...),C,B,Desempeno_General_VS_Local-(Mejor/Peor),Peor,Mejor,Peor
Frijol_34,XX_34,YY_34,CALLE ZZ34 NUMERO 267 PUEBLO A,85800187,M,31,A,Jamapa,Vaina Morada,Negro Criollo,Vigor-(A/B/C...),A,B,Produccion-(A/B/C...),B,A,Desempeno_General-(A/B/C...),A,B,Desempeno_General_VS_Local-(Mejor/Peor),Mejor,Peor,Peor
Frijol_35,XX_35,YY_35,CALLE ZZ35 NUMERO 266 PUEBLO A,85810420,M,33,A,Negro Criollo,Bayo,Vaina Morada,Vigor-(A/B/C...),B,C,Produccion-(A/B/C...),C,B,Desempeno_General-(A/B/C...),B,C,Desempeno_General_VS_Local-(Mejor/Peor),Peor,Mejor,Peor
Frijol_36,XX_36,YY_36,CALLE ZZ36 NUMERO 265 PUEBLO A,85820653,M,25,A,Bayo,Nayait,Negro Criollo,Vigor-(A/B/C...),A,B,Produccion-(A/B/C...),B,A,Desempeno_General-(A/B/C...),A,B,Desempeno_General_VS_Local-(Mejor/Peor),Mejor,Peor,Peor
Frijol_37,XX_37,YY_37,CALLE ZZ37 NUMERO 264 PUEBLO A,85830886,M,33,A,Vaina Morada,Talete,Bayo,Vigor-(A/B/C...),C,A,Produccion-(A/B/C...),A,C,Desempeno_General-(A/B/C...),C,A,Desempeno_General_VS_Local-(Mejor/Peor),Peor,Peor,Mejor
Frijol_38,XX_38,YY_38,CALLE ZZ38 NUMERO 263 PUEBLO A,85841119,M,42,A,Michigan,Negro Criollo,Bayo,Vigor-(A/B/C...),C,A,Produccion-(A/B/C...),A,C,Desempeno_General-(A/B/C...),C,A,Desempeno_General_VS_Local-(Mejor/Peor),Mejor,Peor,Mejor
Frijol_39,XX_39,YY_39,CALLE ZZ39 NUMERO 262 PUEBLO A,85851352,M,35,A,Michigan,Negro Criollo,Talete,Vigor-(A/B/C...),C,B,Produccion-(A/B/C...),B,C,Desempeno_General-(A/B/C...),C,B,Desempeno_General_VS_Local-(Mejor/Peor),Mejor,Peor,Peor
Frijol_40,XX_40,YY_40,CALLE ZZ40 NUMERO 261 PUEBLO A,85861585,M,33,A,Michigan,Negro Criollo,Talete,Vigor-(A/B/C...),C,A,Produccion-(A/B/C...),A,C,Desempeno_General-(A/B/C...),C,A,Desempeno_General_VS_Local-(Mejor/Peor),Mejor,Peor,Peor
Frijol_41,XX_41,YY_41,CALLE ZZ41 NUMERO 260 PUEBLO A,85871818,M,40,A,Jamapa,Michigan,Vaina Morada,Vigor-(A/B/C...),A,B,Produccion-(A/B/C...),B,A,Desempeno_General-(A/B/C...),A,B,Desempeno_General_VS_Local-(Mejor/Peor),Mejor,Mejor,Peor
Frijol_42,XX_42,YY_42,CALLE ZZ42 NUMERO 259 PUEBLO A,85882051,M,38,A,Nayait,Jamapa,Vaina Blanca,Vigor-(A/B/C...),B,C,Produccion-(A/B/C...),C,B,Desempeno_General-(A/B/C...),B,C,Desempeno_General_VS_Local-(Mejor/Peor),Peor,Mejor,Peor
Frijol_43,XX_43,YY_43,CALLE ZZ43 NUMERO 258 PUEBLO A,85892284,M,39,A,Nayait,Talete,Michigan,Vigor-(A/B/C...),A,C,Produccion-(A/B/C...),C,A,Desempeno_General-(A/B/C...),A,C,Desempeno_General_VS_Local-(Mejor/Peor),Peor,Peor,Mejor
Frijol_44,XX_44,YY_44,CALLE ZZ44 NUMERO 257 PUEBLO A,85902517,M,40,A,Michigan,Nayait,Jamapa,Vigor-(A/B/C...),C,A,Produccion-(A/B/C...),A,C,Desempeno_General-(A/B/C...),C,A,Desempeno_General_VS_Local-(Mejor/Peor),Mejor,Peor,Mejor
Frijol_45,XX_45,YY_45,CALLE ZZ45 NUMERO 256 PUEBLO A,85912750,M,46,A,Negro Criollo,Talete,Bayo,Vigor-(A/B/C...),B,C,Produccion-(A/B/C...),C,B,Desempeno_General-(A/B/C...),B,C,Desempeno_General_VS_Local-(Mejor/Peor),Peor,Peor,Mejor
Frijol_46,XX_46,YY_46,CALLE ZZ46 NUMERO 255 PUEBLO A,85922983,M,41,A,Negro Criollo,Jamapa,Vaina Morada,Vigor-(A/B/C...),B,C,Produccion-(A/B/C...),C,B,Desempeno_General-(A/B/C...),B,C,Desempeno_General_VS_Local-(Mejor/Peor),Peor,Mejor,Peor
Frijol_47,XX_47,YY_47,CALLE ZZ47 NUMERO 254 PUEBLO A,85933216,M,32,A,Jamapa,Bayo,Michigan,Vigor-(A/B/C...),A,C,Produccion-(A/B/C...),C,A,Desempeno_General-(A/B/C...),A,C,Desempeno_General_VS_Local-(Mejor/Peor),Mejor,Mejor,Mejor
Frijol_48,XX_48,YY_48,CALLE ZZ48 NUMERO 253 PUEBLO A,85943449,M,33,A,Talete,Nayait,Jamapa,Vigor-(A/B/C...),C,B,Produccion-(A/B/C...),B,C,Desempeno_General-(A/B/C...),C,B,Desempeno_General_VS_Local-(Mejor/Peor),Peor,Peor,Mejor
Frijol_49,XX_49,YY_49,CALLE ZZ49 NUMERO 252 PUEBLO A,85953682,M,32,A,Negro Criollo,Vaina Morada,Talete,Vigor-(A/B/C...),C,B,Produccion-(A/B/C...),B,C,Desempeno_General-(A/B/C...),C,B,Desempeno_General_VS_Local-(Mejor/Peor),Peor,Peor,Peor
Frijol_50,XX_50,YY_50,CALLE ZZ50 NUMERO 251 PUEBLO A,85963915,M,28,A,Vaina Blanca,Talete,Vaina Morada,Vigor-(A/B/C...),B,A,Produccion-(A/B/C...),A,B,Desempeno_General-(A/B/C...),B,A,Desempeno_General_VS_Local-(Mejor/Peor),Peor,Peor,Peor
Frijol_51,XX_51,YY_51,CALLE ZZ51 NUMERO 250 PUEBLO A,85974148,F,33,A,Jamapa,Michigan,Negro Criollo,Vigor-(A/B/C...),A,C,Produccion-(A/B/C...),C,A,Desempeno_General-(A/B/C...),A,C,Desempeno_General_VS_Local-(Mejor/Peor),Mejor,Mejor,Peor
Frijol_52,XX_52,YY_52,CALLE ZZ52 NUMERO 249 PUEBLO A,85984381,F,37,A,Nayait,Negro Criollo,Michigan,Vigor-(A/B/C...),B,C,Produccion-(A/B/C...),C,B,Desempeno_General-(A/B/C...),B,C,Desempeno_General_VS_Local-(Mejor/Peor),Peor,Peor,Mejor
Frijol_53,XX_53,YY_53,CALLE ZZ53 NUMERO 248 PUEBLO A,85994614,F,35,A,Vaina Blanca,Jamapa,Vaina Morada,Vigor-(A/B/C...),B,A,Produccion-(A/B/C...),A,B,Desempeno_General-(A/B/C...),B,A,Desempeno_General_VS_Local-(Mejor/Peor),Peor,Mejor,Peor
Frijol_54,XX_54,YY_54,CALLE ZZ54 NUMERO 247 PUEBLO A,86004847,F,25,A,Vaina Blanca,Negro Criollo,Jamapa,Vigor-(A/B/C...),C,A,Produccion-(A/B/C...),A,C,Desempeno_General-(A/B/C...),C,A,Desempeno_General_VS_Local-(Mejor/Peor),Peor,Peor,Mejor
Frijol_55,XX_55,YY_55,CALLE ZZ55 NUMERO 246 PUEBLO A,86015080,F,32,A,Michigan,Negro Criollo,Bayo,Vigor-(A/B/C...),C,B,Produccion-(A/B/C...),B,C,Desempeno_General-(A/B/C...),C,B,Desempeno_General_VS_Local-(Mejor/Peor),Mejor,Peor,Mejor
Frijol_56,XX_56,YY_56,CALLE ZZ56 NUMERO 245 PUEBLO A,86025313,F,31,A,Nayait,Vaina Blanca,Talete,Vigor-(A/B/C...),C,B,Produccion-(A/B/C...),B,C,Desempeno_General-(A/B/C...),C,B,Desempeno_General_VS_Local-(Mejor/Peor),Peor,Peor,Peor
Frijol_57,XX_57,YY_57,CALLE ZZ57 NUMERO 244 PUEBLO A,86035546,F,35,A,Vaina Morada,Bayo,Michigan,Vigor-(A/B/C...),B,A,Produccion-(A/B/C...),A,B,Desempeno_General-(A/B/C...),B,A,Desempeno_General_VS_Local-(Mejor/Peor),Peor,Mejor,Mejor
Frijol_58,XX_58,YY_58,CALLE ZZ58 NUMERO 243 PUEBLO A,86045779,F,38,A,Bayo,Vaina Blanca,Nayait,Vigor-(A/B/C...),A,B,Produccion-(A/B/C...),B,A,Desempeno_General-(A/B/C...),A,B,Desempeno_General_VS_Local-(Mejor/Peor),Mejor,Peor,Peor
Frijol_59,XX_59,YY_59,CALLE ZZ59 NUMERO 242 PUEBLO A,86056012,F,32,A,Nayait,Vaina Morada,Vaina Blanca,Vigor-(A/B/C...),A,C,Produccion-(A/B/C...),C,A,Desempeno_General-(A/B/C...),A,C,Desempeno_General_VS_Local-(Mejor/Peor),Peor,Peor,Peor
Frijol_60,XX_60,YY_60,CALLE ZZ60 NUMERO 241 PUEBLO A,86066245,F,43,A,Vaina Blanca,Talete,Negro Criollo,Vigor-(A/B/C...),B,A,Produccion-(A/B/C...),A,B,Desempeno_General-(A/B/C...),B,A,Desempeno_General_VS_Local-(Mejor/Peor),Peor,Peor,Peor
Frijol_61,XX_61,YY_61,CALLE ZZ61 NUMERO 240 PUEBLO A,86076478,F,35,A,Jamapa,Nayait,Bayo,Vigor-(A/B/C...),C,B,Produccion-(A/B/C...),B,C,Desempeno_General-(A/B/C...),C,B,Desempeno_General_VS_Local-(Mejor/Peor),Mejor,Peor,Mejor
Frijol_62,XX_62,YY_62,CALLE ZZ62 NUMERO 239 PUEBLO A,86086711,F,35,A,Vaina Blanca,Negro Criollo,Talete,Vigor-(A/B/C...),B,A,Produccion-(A/B/C...),A,B,Desempeno_General-(A/B/C...),B,A,Desempeno_General_VS_Local-(Mejor/Peor),Peor,Peor,Peor
Frijol_63,XX_63,YY_63,CALLE ZZ63 NUMERO 238 PUEBLO A,86096944,F,36,A,Bayo,Vaina Morada,Talete,Vigor-(A/B/C...),A,B,Produccion-(A/B/C...),B,A,Desempeno_General-(A/B/C...),A,B,Desempeno_General_VS_Local-(Mejor/Peor),Mejor,Peor,Peor
Frijol_64,XX_64,YY_64,CALLE ZZ64 NUMERO 237 PUEBLO A,86107177,F,35,A,Negro Criollo,Vaina Blanca,Nayait,Vigor-(A/B/C...),A,B,Produccion-(A/B/C...),B,A,Desempeno_General-(A/B/C...),A,B,Desempeno_General_VS_Local-(Mejor/Peor),Peor,Peor,Peor
Frijol_65,XX_65,YY_65,CALLE ZZ65 NUMERO 236 PUEBLO A,86117410,F,46,A,Nayait,Vaina Morada,Negro Criollo,Vigor-(A/B/C...),C,B,Produccion-(A/B/C...),B,C,Desempeno_General-(A/B/C...),C,B,Desempeno_General_VS_Local-(Mejor/Peor),Peor,Peor,Peor
Frijol_66,XX_66,YY_66,CALLE ZZ66 NUMERO 235 PUEBLO A,86127643,F,31,A,Negro Criollo,Vaina Morada,Nayait,Vigor-(A/B/C...),A,B,Produccion-(A/B/C...),B,A,Desempeno_General-(A/B/C...),A,B,Desempeno_General_VS_Local-(Mejor/Peor),Peor,Peor,Peor
Frijol_67,XX_67,YY_67,CALLE ZZ67 NUMERO 234 PUEBLO A,86137876,F,35,A,Nayait,Negro Criollo,Jamapa,Vigor-(A/B/C...),C,A,Produccion-(A/B/C...),A,C,Desempeno_General-(A/B/C...),C,A,Desempeno_General_VS_Local-(Mejor/Peor),Peor,Peor,Mejor
Frijol_68,XX_68,YY_68,CALLE ZZ68 NUMERO 233 PUEBLO A,86148109,F,32,A,Negro Criollo,Jamapa,Michigan,Vigor-(A/B/C...),B,A,Produccion-(A/B/C...),A,B,Desempeno_General-(A/B/C...),B,A,Desempeno_General_VS_Local-(Mejor/Peor),Peor,Mejor,Mejor
Frijol_69,XX_69,YY_69,CALLE ZZ69 NUMERO 232 PUEBLO A,86158342,F,41,A,Nayait,Vaina Morada,Vaina Blanca,Vigor-(A/B/C...),A,C,Produccion-(A/B/C...),C,A,Desempeno_General-(A/B/C...),A,C,Desempeno_General_VS_Local-(Mejor/Peor),Peor,Peor,Peor
Frijol_70,XX_70,YY_70,CALLE ZZ70 NUMERO 231 PUEBLO A,86168575,F,37,A,Vaina Morada,Vaina Blanca,Jamapa,Vigor-(A/B/C...),C,B,Produccion-(A/B/C...),B,C,Desempeno_General-(A/B/C...),C,B,Desempeno_General_VS_Local-(Mejor/Peor),Peor,Peor,Mejor
Frijol_71,XX_71,YY_71,CALLE ZZ71 NUMERO 230 PUEBLO A,86178808,F,50,A,Vaina Morada,Vaina Blanca,Michigan,Vigor-(A/B/C...),A,B,Produccion-(A/B/C...),B,A,Desempeno_General-(A/B/C...),A,B,Desempeno_General_VS_Local-(Mejor/Peor),Peor,Peor,Mejor
Frijol_72,XX_72,YY_72,CALLE ZZ72 NUMERO 229 PUEBLO A,86189041,F,31,A,Jamapa,Vaina Morada,Michigan,Vigor-(A/B/C...),A,B,Produccion-(A/B/C...),B,A,Desempeno_General-(A/B/C...),A,B,Desempeno_General_VS_Local-(Mejor/Peor),Mejor,Peor,Mejor
Frijol_73,XX_73,YY_73,CALLE ZZ73 NUMERO 228 PUEBLO A,86199274,F,37,A,Negro Criollo,Vaina Morada,Michigan,Vigor-(A/B/C...),A,B,Produccion-(A/B/C...),B,A,Desempeno_General-(A/B/C...),A,B,Desempeno_General_VS_Local-(Mejor/Peor),Peor,Peor,Mejor
Frijol_74,XX_74,YY_74,CALLE ZZ74 NUMERO 227 PUEBLO A,86209507,F,40,A,Negro Criollo,Vaina Morada,Nayait,Vigor-(A/B/C...),C,B,Produccion-(A/B/C...),B,C,Desempeno_General-(A/B/C...),C,B,Desempeno_General_VS_Local-(Mejor/Peor),Peor,Peor,Peor
Frijol_75,XX_75,YY_75,CALLE ZZ75 NUMERO 226 PUEBLO A,86219740,F,35,A,Michigan,Jamapa,Nayait,Vigor-(A/B/C...),B,C,Produccion-(A/B/C...),C,B,Desempeno_General-(A/B/C...),B,C,Desempeno_General_VS_Local-(Mejor/Peor),Mejor,Mejor,Peor
Frijol_76,XX_76,YY_76,CALLE ZZ76 NUMERO 225 PUEBLO A,86229973,F,33,A,Nayait,Jamapa,Vaina Morada,Vigor-(A/B/C...),B,C,Produccion-(A/B/C...),C,B,Desempeno_General-(A/B/C...),B,C,Desempeno_General_VS_Local-(Mejor/Peor),Peor,Mejor,Peor
Frijol_77,XX_77,YY_77,CALLE ZZ77 NUMERO 224 PUEBLO A,86240206,F,27,A,Jamapa,Vaina Morada,Michigan,Vigor-(A/B/C...),A,B,Produccion-(A/B/C...),B,A,Desempeno_General-(A/B/C...),A,B,Desempeno_General_VS_Local-(Mejor/Peor),Mejor,Peor,Mejor
Frijol_78,XX_78,YY_78,CALLE ZZ78 NUMERO 223 PUEBLO A,86250439,F,42,A,Jamapa,Vaina Blanca,Michigan,Vigor-(A/B/C...),A,B,Produccion-(A/B/C...),B,A,Desempeno_General-(A/B/C...),A,B,Desempeno_General_VS_Local-(Mejor/Peor),Mejor,Peor,Mejor
Frijol_79,XX_79,YY_79,CALLE ZZ79 NUMERO 222 PUEBLO A,86260672,F,33,A,Vaina Morada,Talete,Michigan,Vigor-(A/B/C...),B,A,Produccion-(A/B/C...),A,B,Desempeno_General-(A/B/C...),B,A,Desempeno_General_VS_Local-(Mejor/Peor),Peor,Peor,Mejor
Frijol_80,XX_80,YY_80,CALLE ZZ80 NUMERO 221 PUEBLO A,86270905,F,31,A,Vaina Blanca,Nayait,Negro Criollo,Vigor-(A/B/C...),C,A,Produccion-(A/B/C...),A,C,Desempeno_General-(A/B/C...),C,A,Desempeno_General_VS_Local-(Mejor/Peor),Peor,Peor,Peor
Frijol_81,XX_81,YY_81,CALLE ZZ81 NUMERO 220 PUEBLO A,86281138,F,46,A,Nayait,Vaina Morada,Bayo,Vigor-(A/B/C...),C,B,Produccion-(A/B/C...),B,C,Desempeno_General-(A/B/C...),C,B,Desempeno_General_VS_Local-(Mejor/Peor),Peor,Peor,Mejor
Frijol_82,XX_82,YY_82,CALLE ZZ82 NUMERO 219 PUEBLO A,86291371,F,37,A,Nayait,Bayo,Talete,Vigor-(A/B/C...),B,C,Produccion-(A/B/C...),C,B,Desempeno_General-(A/B/C...),B,C,Desempeno_General_VS_Local-(Mejor/Peor),Peor,Mejor,Peor
Frijol_83,XX_83,YY_83,CALLE ZZ83 NUMERO 218 PUEBLO A,86301604,F,32,A,Vaina Morada,Vaina Blanca,Nayait,Vigor-(A/B/C...),C,B,Produccion-(A/B/C...),B,C,Desempeno_General-(A/B/C...),C,B,Desempeno_General_VS_Local-(Mejor/Peor),Peor,Peor,Peor
Frijol_84,XX_84,YY_84,CALLE ZZ84 NUMERO 217 PUEBLO A,86311837,F,23,A,Nayait,Bayo,Negro Criollo,Vigor-(A/B/C...),B,C,Produccion-(A/B/C...),C,B,Desempeno_General-(A/B/C...),B,C,Desempeno_General_VS_Local-(Mejor/Peor),Peor,Mejor,Peor
Frijol_85,XX_85,YY_85,CALLE ZZ85 NUMERO 216 PUEBLO A,86322070,F,37,A,Nayait,Negro Criollo,Bayo,Vigor-(A/B/C...),C,A,Produccion-(A/B/C...),A,C,Desempeno_General-(A/B/C...),C,A,Desempeno_General_VS_Local-(Mejor/Peor),Peor,Peor,Mejor
Frijol_86,XX_86,YY_86,CALLE ZZ86 NUMERO 215 PUEBLO A,86332303,F,36,A,Vaina Morada,Talete,Vaina Blanca,Vigor-(A/B/C...),B,A,Produccion-(A/B/C...),A,B,Desempeno_General-(A/B/C...),B,A,Desempeno_General_VS_Local-(Mejor/Peor),Peor,Peor,Peor
Frijol_87,XX_87,YY_87,CALLE ZZ87 NUMERO 214 PUEBLO A,86342536,F,41,A,Talete,Michigan,Jamapa,Vigor-(A/B/C...),C,B,Produccion-(A/B/C...),B,C,Desempeno_General-(A/B/C...),C,B,Desempeno_General_VS_Local-(Mejor/Peor),Peor,Mejor,Mejor
Frijol_88,XX_88,YY_88,CALLE ZZ88 NUMERO 213 PUEBLO A,86352769,F,36,A,Negro Criollo,Talete,Nayait,Vigor-(A/B/C...),B,C,Produccion-(A/B/C...),C,B,Desempeno_General-(A/B/C...),B,C,Desempeno_General_VS_Local-(Mejor/Peor),Peor,Peor,Peor
Frijol_89,XX_89,YY_89,CALLE ZZ89 NUMERO 212 PUEBLO A,86363002,F,35,A,Vaina Blanca,Vaina Morada,Bayo,Vigor-(A/B/C...),C,A,Produccion-(A/B/C...),A,C,Desempeno_General-(A/B/C...),C,A,Desempeno_General_VS_Local-(Mejor/Peor),Peor,Peor,Mejor
Frijol_90,XX_90,YY_90,CALLE ZZ90 NUMERO 211 PUEBLO A,86373235,F,40,A,Bayo,Michigan,Vaina Blanca,Vigor-(A/B/C...),A,C,Produccion-(A/B/C...),C,A,Desempeno_General-(A/B/C...),A,C,Desempeno_General_VS_Local-(Mejor/Peor),Mejor,Mejor,Peor
Frijol_91,XX_91,YY_91,CALLE ZZ91 NUMERO 210 PUEBLO A,86383468,F,31,A,Negro Criollo,Bayo,Talete,Vigor-(A/B/C...),B,A,Produccion-(A/B/C...),A,B,Desempeno_General-(A/B/C...),B,A,Desempeno_General_VS_Local-(Mejor/Peor),Peor,Mejor,Peor
Frijol_92,XX_92,YY_92,CALLE ZZ92 NUMERO 209 PUEBLO A,86393701,F,28,A,Talete,Vaina Morada,Negro Criollo,Vigor-(A/B/C...),A,B,Produccion-(A/B/C...),B,A,Desempeno_General-(A/B/C...),A,B,Desempeno_General_VS_Local-(Mejor/Peor),Peor,Peor,Peor
Frijol_93,XX_93,YY_93,CALLE ZZ93 NUMERO 208 PUEBLO A,86403934,F,32,A,Nayait,Michigan,Vaina Blanca,Vigor-(A/B/C...),B,C,Produccion-(A/B/C...),C,B,Desempeno_General-(A/B/C...),B,C,Desempeno_General_VS_Local-(Mejor/Peor),Peor,Mejor,Peor
Frijol_94,XX_94,YY_94,CALLE ZZ94 NUMERO 207 PUEBLO A,86414167,F,39,A,Jamapa,Vaina Morada,Talete,Vigor-(A/B/C...),A,B,Produccion-(A/B/C...),B,A,Desempeno_General-(A/B/C...),A,B,Desempeno_General_VS_Local-(Mejor/Peor),Mejor,Peor,Peor
Frijol_95,XX_95,YY_95,CALLE ZZ95 NUMERO 206 PUEBLO A,86424400,F,32,A,Vaina Morada,Talete,Bayo,Vigor-(A/B/C...),C,A,Produccion-(A/B/C...),A,C,Desempeno_General-(A/B/C...),C,A,Desempeno_General_VS_Local-(Mejor/Peor),Peor,Peor,Mejor
Frijol_96,XX_96,YY_96,CALLE ZZ96 NUMERO 205 PUEBLO A,86434633,F,24,A,Nayait,Jamapa,Vaina Morada,Vigor-(A/B/C...),B,A,Produccion-(A/B/C...),A,B,Desempeno_General-(A/B/C...),B,A,Desempeno_General_VS_Local-(Mejor/Peor),Peor,Mejor,Peor
Frijol_97,XX_97,YY_97,CALLE ZZ97 NUMERO 204 PUEBLO A,86444866,F,22,A,Michigan,Talete,Bayo,Vigor-(A/B/C...),C,B,Produccion-(A/B/C...),B,C,Desempeno_General-(A/B/C...),C,B,Desempeno_General_VS_Local-(Mejor/Peor),Mejor,Peor,Mejor
Frijol_98,XX_98,YY_98,CALLE ZZ98 NUMERO 203 PUEBLO A,86455099,F,36,A,Nayait,Negro Criollo,Vaina Blanca,Vigor-(A/B/C...),B,C,Produccion-(A/B/C...),C,B,Desempeno_General-(A/B/C...),B,C,Desempeno_General_VS_Local-(Mejor/Peor),Peor,Peor,Peor
Frijol_99,XX_99,YY_99,CALLE ZZ99 NUMERO 202 PUEBLO A,86465332,F,44,A,Negro Criollo,Michigan,Vaina Blanca,Vigor-(A/B/C...),A,C,Produccion-(A/B/C...),C,A,Desempeno_General-(A/B/C...),A,C,Desempeno_General_VS_Local-(Mejor/Peor),Peor,Mejor,Peor
Frijol_100,XX_100,YY_100,CALLE ZZ100 NUMERO 201 PUEBLO A,86475565,F,29,A,Bayo,Michigan,Nayait,Vigor-(A/B/C...),A,B,Produccion-(A/B/C...),B,A,Desempeno_General-(A/B/C...),A,B,Desempeno_General_VS_Local-(Mejor/Peor),Mejor,Mejor,Peor
Frijol_101,XX_101,YY_101,CALLE ZZ101 NUMERO 200 PUEBLO A,86485798,M,37,A,Vaina Morada,Vaina Blanca,Negro Criollo,Vigor-(A/B/C...),C,B,Produccion-(A/B/C...),B,C,Desempeno_General-(A/B/C...),C,B,Desempeno_General_VS_Local-(Mejor/Peor),Peor,Peor,Peor
Frijol_102,XX_102,YY_102,CALLE ZZ102 NUMERO 199 PUEBLO B,86496031,M,34,B,Talete,Bayo,Vaina Blanca,Vigor-(A/B/C...),B,C,Produccion-(A/B/C...),C,B,Desempeno_General-(A/B/C...),B,C,Desempeno_General_VS_Local-(Mejor/Peor),Peor,Mejor,Peor
Frijol_103,XX_103,YY_103,CALLE ZZ103 NUMERO 198 PUEBLO B,86506264,M,34,B,Talete,Michigan,Bayo,Vigor-(A/B/C...),C,B,Produccion-(A/B/C...),B,C,Desempeno_General-(A/B/C...),C,B,Desempeno_General_VS_Local-(Mejor/Peor),Peor,Mejor,Mejor
Frijol_104,XX_104,YY_104,CALLE ZZ104 NUMERO 197 PUEBLO B,86516497,M,27,B,Jamapa,Bayo,Vaina Morada,Vigor-(A/B/C...),B,C,Produccion-(A/B/C...),C,B,Desempeno_General-(A/B/C...),B,C,Desempeno_General_VS_Local-(Mejor/Peor),Mejor,Mejor,Peor
Frijol_105,XX_105,YY_105,CALLE ZZ105 NUMERO 196 PUEBLO B,86526730,M,33,B,Talete,Nayait,Michigan,Vigor-(A/B/C...),B,C,Produccion-(A/B/C...),C,B,Desempeno_General-(A/B/C...),B,C,Desempeno_General_VS_Local-(Mejor/Peor),Peor,Peor,Mejor
Frijol_106,XX_106,YY_106,CALLE ZZ106 NUMERO 195 PUEBLO B,86536963,M,40,B,Vaina Blanca,Michigan,Bayo,Vigor-(A/B/C...),C,A,Produccion-(A/B/C...),A,C,Desempeno_General-(A/B/C...),C,A,Desempeno_General_VS_Local-(Mejor/Peor),Peor,Mejor,Mejor
Frijol_107,XX_107,YY_107,CALLE ZZ107 NUMERO 194 PUEBLO B,86547196,M,32,B,Jamapa,Vaina Morada,Negro Criollo,Vigor-(A/B/C...),A,B,Produccion-(A/B/C...),B,A,Desempeno_General-(A/B/C...),A,B,Desempeno_General_VS_Local-(Mejor/Peor),Mejor,Peor,Peor
Frijol_108,XX_108,YY_108,CALLE ZZ108 NUMERO 193 PUEBLO B,86557429,M,31,B,Vaina Blanca,Negro Criollo,Bayo,Vigor-(A/B/C...),C,A,Produccion-(A/B/C...),A,C,Desempeno_General-(A/B/C...),C,A,Desempeno_General_VS_Local-(Mejor/Peor),Peor,Peor,Mejor
Frijol_109,XX_109,YY_109,CALLE ZZ109 NUMERO 192 PUEBLO B,86567662,M,23,B,Jamapa,Vaina Blanca,Nayait,Vigor-(A/B/C...),A,B,Produccion-(A/B/C...),B,A,Desempeno_General-(A/B/C...),A,B,Desempeno_General_VS_Local-(Mejor/Peor),Mejor,Peor,Peor
Frijol_110,XX_110,YY_110,CALLE ZZ110 NUMERO 191 PUEBLO B,86577895,M,33,B,Negro Criollo,Jamapa,Bayo,Vigor-(A/B/C...),B,A,Produccion-(A/B/C...),A,B,Desempeno_General-(A/B/C...),B,A,Desempeno_General_VS_Local-(Mejor/Peor),Peor,Mejor,Mejor
Frijol_111,XX_111,YY_111,CALLE ZZ111 NUMERO 190 PUEBLO B,86588128,M,32,B,Vaina Morada,Michigan,Nayait,Vigor-(A/B/C...),C,A,Produccion-(A/B/C...),A,C,Desempeno_General-(A/B/C...),C,A,Desempeno_General_VS_Local-(Mejor/Peor),Peor,Mejor,Peor
Frijol_112,XX_112,YY_112,CALLE ZZ112 NUMERO 189 PUEBLO B,86598361,M,35,B,Bayo,Vaina Morada,Talete,Vigor-(A/B/C...),A,B,Produccion-(A/B/C...),B,A,Desempeno_General-(A/B/C...),A,B,Desempeno_General_VS_Local-(Mejor/Peor),Mejor,Peor,Peor
Frijol_113,XX_113,YY_113,CALLE ZZ113 NUMERO 188 PUEBLO B,86608594,M,29,B,Jamapa,Vaina Blanca,Talete,Vigor-(A/B/C...),A,B,Produccion-(A/B/C...),B,A,Desempeno_General-(A/B/C...),A,B,Desempeno_General_VS_Local-(Mejor/Peor),Mejor,Peor,Peor
Frijol_114,XX_114,YY_114,CALLE ZZ114 NUMERO 187 PUEBLO B,86618827,M,30,B,Vaina Blanca,Jamapa,Vaina Morada,Vigor-(A/B/C...),B,A,Produccion-(A/B/C...),A,B,Desempeno_General-(A/B/C...),B,A,Desempeno_General_VS_Local-(Mejor/Peor),Peor,Mejor,Peor
Frijol_115,XX_115,YY_115,CALLE ZZ115 NUMERO 186 PUEBLO B,86629060,M,30,B,Vaina Morada,Negro Criollo,Michigan,Vigor-(A/B/C...),B,A,Produccion-(A/B/C...),A,B,Desempeno_General-(A/B/C...),B,A,Desempeno_General_VS_Local-(Mejor/Peor),Peor,Peor,Mejor
Frijol_116,XX_116,YY_116,CALLE ZZ116 NUMERO 185 PUEBLO B,86639293,M,33,B,Nayait,Vaina Blanca,Jamapa,Vigor-(A/B/C...),C,B,Produccion-(A/B/C...),B,C,Desempeno_General-(A/B/C...),C,B,Desempeno_General_VS_Local-(Mejor/Peor),Peor,Peor,Mejor
Frijol_117,XX_117,YY_117,CALLE ZZ117 NUMERO 184 PUEBLO B,86649526,M,39,B,Nayait,Vaina Blanca,Michigan,Vigor-(A/B/C...),A,B,Produccion-(A/B/C...),B,A,Desempeno_General-(A/B/C...),A,B,Desempeno_General_VS_Local-(Mejor/Peor),Peor,Peor,Mejor
Frijol_118,XX_118,YY_118,CALLE ZZ118 NUMERO 183 PUEBLO B,86659759,M,34,B,Negro Criollo,Jamapa,Michigan,Vigor-(A/B/C...),B,A,Produccion-(A/B/C...),A,B,Desempeno_General-(A/B/C...),B,A,Desempeno_General_VS_Local-(Mejor/Peor),Peor,Mejor,Mejor
Frijol_119,XX_119,YY_119,CALLE ZZ119 NUMERO 182 PUEBLO B,86669992,M,46,B,Negro Criollo,Bayo,Nayait,Vigor-(A/B/C...),B,C,Produccion-(A/B/C...),C,B,Desempeno_General-(A/B/C...),B,C,Desempeno_General_VS_Local-(Mejor/Peor),Peor,Mejor,Peor
Frijol_120,XX_120,YY_120,CALLE ZZ120 NUMERO 181 PUEBLO B,86680225,M,35,B,Negro Criollo,Bayo,Vaina Blanca,Vigor-(A/B/C...),B,C,Produccion-(A/B/C...),C,B,Desempeno_General-(A/B/C...),B,C,Desempeno_General_VS_Local-(Mejor/Peor),Peor,Mejor,Peor
Frijol_121,XX_121,YY_121,CALLE ZZ121 NUMERO 180 PUEBLO B,86690458,M,39,B,Michigan,Vaina Blanca,Negro Criollo,Vigor-(A/B/C...),C,B,Produccion-(A/B/C...),B,C,Desempeno_General-(A/B/C...),C,B,Desempeno_General_VS_Local-(Mejor/Peor),Mejor,Peor,Peor
Frijol_122,XX_122,YY_122,CALLE ZZ122 NUMERO 179 PUEBLO B,86700691,M,24,B,Bayo,Vaina Blanca,Talete,Vigor-(A/B/C...),A,B,Produccion-(A/B/C...),B,A,Desempeno_General-(A/B/C...),A,B,Desempeno_General_VS_Local-(Mejor/Peor),Mejor,Peor,Peor
Frijol_123,XX_123,YY_123,CALLE ZZ123 NUMERO 178 PUEBLO B,86710924,M,42,B,Talete,Michigan,Bayo,Vigor-(A/B/C...),C,B,Produccion-(A/B/C...),B,C,Desempeno_General-(A/B/C...),C,B,Desempeno_General_VS_Local-(Mejor/Peor),Peor,Mejor,Mejor
Frijol_124,XX_124,YY_124,CALLE ZZ124 NUMERO 177 PUEBLO B,86721157,M,30,B,Michigan,Vaina Blanca,Talete,Vigor-(A/B/C...),C,B,Produccion-(A/B/C...),B,C,Desempeno_General-(A/B/C...),C,B,Desempeno_General_VS_Local-(Mejor/Peor),Mejor,Peor,Peor
Frijol_125,XX_125,YY_125,CALLE ZZ125 NUMERO 176 PUEBLO B,86731390,M,38,B,Vaina Blanca,Talete,Nayait,Vigor-(A/B/C...),B,A,Produccion-(A/B/C...),A,B,Desempeno_General-(A/B/C...),B,A,Desempeno_General_VS_Local-(Mejor/Peor),Peor,Peor,Peor
Frijol_126,XX_126,YY_126,CALLE ZZ126 NUMERO 175 PUEBLO B,86741623,M,34,B,Vaina Blanca,Bayo,Talete,Vigor-(A/B/C...),B,A,Produccion-(A/B/C...),A,B,Desempeno_General-(A/B/C...),B,A,Desempeno_General_VS_Local-(Mejor/Peor),Peor,Mejor,Peor
Frijol_127,XX_127,YY_127,CALLE ZZ127 NUMERO 174 PUEBLO B,86751856,M,34,B,Jamapa,Nayait,Vaina Morada,Vigor-(A/B/C...),A,C,Produccion-(A/B/C...),C,A,Desempeno_General-(A/B/C...),A,C,Desempeno_General_VS_Local-(Mejor/Peor),Mejor,Peor,Peor
Frijol_128,XX_128,YY_128,CALLE ZZ128 NUMERO 173 PUEBLO B,86762089,M,41,B,Negro Criollo,Michigan,Bayo,Vigor-(A/B/C...),C,B,Produccion-(A/B/C...),B,C,Desempeno_General-(A/B/C...),C,B,Desempeno_General_VS_Local-(Mejor/Peor),Peor,Mejor,Mejor
Frijol_129,XX_129,YY_129,CALLE ZZ129 NUMERO 172 PUEBLO B,86772322,M,30,B,Nayait,Michigan,Bayo,Vigor-(A/B/C...),C,A,Produccion-(A/B/C...),A,C,Desempeno_General-(A/B/C...),C,A,Desempeno_General_VS_Local-(Mejor/Peor),Peor,Mejor,Mejor
Frijol_130,XX_130,YY_130,CALLE ZZ130 NUMERO 171 PUEBLO B,86782555,M,33,B,Vaina Morada,Jamapa,Nayait,Vigor-(A/B/C...),B,A,Produccion-(A/B/C...),A,B,Desempeno_General-(A/B/C...),B,A,Desempeno_General_VS_Local-(Mejor/Peor),Peor,Mejor,Peor
Frijol_131,XX_131,YY_131,CALLE ZZ131 NUMERO 170 PUEBLO B,86792788,M,26,B,Michigan,Talete,Negro Criollo,Vigor-(A/B/C...),C,A,Produccion-(A/B/C...),A,C,Desempeno_General-(A/B/C...),C,A,Desempeno_General_VS_Local-(Mejor/Peor),Mejor,Peor,Peor
Frijol_132,XX_132,YY_132,CALLE ZZ132 NUMERO 169 PUEBLO B,86803021,M,50,B,Michigan,Nayait,Vaina Blanca,Vigor-(A/B/C...),B,C,Produccion-(A/B/C...),C,B,Desempeno_General-(A/B/C...),B,C,Desempeno_General_VS_Local-(Mejor/Peor),Mejor,Peor,Peor
Frijol_133,XX_133,YY_133,CALLE ZZ133 NUMERO 168 PUEBLO B,86813254,M,27,B,Bayo,Jamapa,Negro Criollo,Vigor-(A/B/C...),B,C,Produccion-(A/B/C...),C,B,Desempeno_General-(A/B/C...),B,C,Desempeno_General_VS_Local-(Mejor/Peor),Mejor,Mejor,Peor
Frijol_134,XX_134,YY_134,CALLE ZZ134 NUMERO 167 PUEBLO B,86823487,M,34,B,Michigan,Bayo,Negro Criollo,Vigor-(A/B/C...),B,A,Produccion-(A/B/C...),A,B,Desempeno_General-(A/B/C...),B,A,Desempeno_General_VS_Local-(Mejor/Peor),Mejor,Mejor,Peor
Frijol_135,XX_135,YY_135,CALLE ZZ135 NUMERO 166 PUEBLO B,86833720,M,40,B,Vaina Morada,Michigan,Nayait,Vigor-(A/B/C...),C,A,Produccion-(A/B/C...),A,C,Desempeno_General-(A/B/C...),C,A,Desempeno_General_VS_Local-(Mejor/Peor),Peor,Mejor,Peor
Frijol_136,XX_136,YY_136,CALLE ZZ136 NUMERO 165 PUEBLO B,86843953,M,31,B,Michigan,Negro Criollo,Jamapa,Vigor-(A/B/C...),C,B,Produccion-(A/B/C...),B,C,Desempeno_General-(A/B/C...),C,B,Desempeno_General_VS_Local-(Mejor/Peor),Mejor,Peor,Mejor
Frijol_137,XX_137,YY_137,CALLE ZZ137 NUMERO 164 PUEBLO B,86854186,M,24,B,Bayo,Nayait,Jamapa,Vigor-(A/B/C...),C,B,Produccion-(A/B/C...),B,C,Desempeno_General-(A/B/C...),C,B,Desempeno_General_VS_Local-(Mejor/Peor),Mejor,Peor,Mejor
Frijol_138,XX_138,YY_138,CALLE ZZ138 NUMERO 163 PUEBLO B,86864419,M,43,B,Talete,Jamapa,Bayo,Vigor-(A/B/C...),C,A,Produccion-(A/B/C...),A,C,Desempeno_General-(A/B/C...),C,A,Desempeno_General_VS_Local-(Mejor/Peor),Peor,Mejor,Mejor
Frijol_139,XX_139,YY_139,CALLE ZZ139 NUMERO 162 PUEBLO B,86874652,M,31,B,Jamapa,Vaina Morada,Talete,Vigor-(A/B/C...),A,B,Produccion-(A/B/C...),B,A,Desempeno_General-(A/B/C...),A,B,Desempeno_General_VS_Local-(Mejor/Peor),Mejor,Peor,Peor
Frijol_140,XX_140,YY_140,CALLE ZZ140 NUMERO 161 PUEBLO B,86884885,M,44,B,Vaina Morada,Vaina Blanca,Jamapa,Vigor-(A/B/C...),C,A,Produccion-(A/B/C...),A,C,Desempeno_General-(A/B/C...),C,A,Desempeno_General_VS_Local-(Mejor/Peor),Peor,Peor,Mejor
Frijol_141,XX_141,YY_141,CALLE ZZ141 NUMERO 160 PUEBLO B,86895118,M,35,B,Jamapa,Michigan,Bayo,Vigor-(A/B/C...),A,B,Produccion-(A/B/C...),B,A,Desempeno_General-(A/B/C...),A,B,Desempeno_General_VS_Local-(Mejor/Peor),Mejor,Mejor,Mejor
Frijol_142,XX_142,YY_142,CALLE ZZ142 NUMERO 159 PUEBLO B,86905351,M,35,B,Vaina Morada,Michigan,Nayait,Vigor-(A/B/C...),C,A,Produccion-(A/B/C...),A,C,Desempeno_General-(A/B/C...),C,A,Desempeno_General_VS_Local-(Mejor/Peor),Peor,Mejor,Peor
Frijol_143,XX_143,YY_143,CALLE ZZ143 NUMERO 158 PUEBLO B,86915584,M,43,B,Vaina Morada,Nayait,Talete,Vigor-(A/B/C...),C,A,Produccion-(A/B/C...),A,C,Desempeno_General-(A/B/C...),C,A,Desempeno_General_VS_Local-(Mejor/Peor),Peor,Peor,Peor
Frijol_144,XX_144,YY_144,CALLE ZZ144 NUMERO 157 PUEBLO B,86925817,M,50,B,Jamapa,Talete,Bayo,Vigor-(A/B/C...),C,A,Produccion-(A/B/C...),A,C,Desempeno_General-(A/B/C...),C,A,Desempeno_General_VS_Local-(Mejor/Peor),Mejor,Peor,Mejor
Frijol_145,XX_145,YY_145,CALLE ZZ145 NUMERO 156 PUEBLO B,86936050,M,35,B,Nayait,Talete,Vaina Morada,Vigor-(A/B/C...),B,C,Produccion-(A/B/C...),C,B,Desempeno_General-(A/B/C...),B,C,Desempeno_General_VS_Local-(Mejor/Peor),Peor,Peor,Peor
Frijol_146,XX_146,YY_146,CALLE ZZ146 NUMERO 155 PUEBLO B,86946283,M,36,B,Talete,Jamapa,Vaina Blanca,Vigor-(A/B/C...),B,C,Produccion-(A/B/C...),C,B,Desempeno_General-(A/B/C...),B,C,Desempeno_General_VS_Local-(Mejor/Peor),Peor,Mejor,Peor
Frijol_147,XX_147,YY_147,CALLE ZZ147 NUMERO 154 PUEBLO B,86956516,M,37,B,Negro Criollo,Nayait,Talete,Vigor-(A/B/C...),B,C,Produccion-(A/B/C...),C,B,Desempeno_General-(A/B/C...),B,C,Desempeno_General_VS_Local-(Mejor/Peor),Peor,Peor,Peor
Frijol_148,XX_148,YY_148,CALLE ZZ148 NUMERO 153 PUEBLO B,86966749,M,33,B,Vaina Morada,Nayait,Bayo,Vigor-(A/B/C...),C,A,Produccion-(A/B/C...),A,C,Desempeno_General-(A/B/C...),C,A,Desempeno_General_VS_Local-(Mejor/Peor),Peor,Peor,Mejor
Frijol_149,XX_149,YY_149,CALLE ZZ149 NUMERO 152 PUEBLO B,86976982,M,35,B,Nayait,Bayo,Vaina Blanca,Vigor-(A/B/C...),B,C,Produccion-(A/B/C...),C,B,Desempeno_General-(A/B/C...),B,C,Desempeno_General_VS_Local-(Mejor/Peor),Peor,Mejor,Peor
Frijol_150,XX_150,YY_150,CALLE ZZ150 NUMERO 151 PUEBLO B,86987215,M,26,B,Vaina Blanca,Negro Criollo,Bayo,Vigor-(A/B/C...),C,A,Produccion-(A/B/C...),A,C,Desempeno_General-(A/B/C...),C,A,Desempeno_General_VS_Local-(Mejor/Peor),Peor,Peor,Mejor
Frijol_151,XX_151,YY_151,CALLE ZZ151 NUMERO 150 PUEBLO B,86997448,F,31,B,Vaina Morada,Vaina Blanca,Negro Criollo,Vigor-(A/B/C...),C,B,Produccion-(A/B/C...),B,C,Desempeno_General-(A/B/C...),C,B,Desempeno_General_VS_Local-(Mejor/Peor),Peor,Peor,Peor
Frijol_152,XX_152,YY_152,CALLE ZZ152 NUMERO 149 PUEBLO B,87007681,F,41,B,Talete,Bayo,Vaina Blanca,Vigor-(A/B/C...),A,C,Produccion-(A/B/C...),C,A,Desempeno_General-(A/B/C...),A,C,Desempeno_General_VS_Local-(Mejor/Peor),Peor,Mejor,Peor
Frijol_153,XX_153,YY_153,CALLE ZZ153 NUMERO 148 PUEBLO B,87017914,F,33,B,Talete,Vaina Blanca,Michigan,Vigor-(A/B/C...),A,B,Produccion-(A/B/C...),B,A,Desempeno_General-(A/B/C...),A,B,Desempeno_General_VS_Local-(Mejor/Peor),Peor,Peor,Mejor
Frijol_154,XX_154,YY_154,CALLE ZZ154 NUMERO 147 PUEBLO B,87028147,F,38,B,Jamapa,Bayo,Michigan,Vigor-(A/B/C...),A,C,Produccion-(A/B/C...),C,A,Desempeno_General-(A/B/C...),A,C,Desempeno_General_VS_Local-(Mejor/Peor),Mejor,Mejor,Mejor
Frijol_155,XX_155,YY_155,CALLE ZZ155 NUMERO 146 PUEBLO B,87038380,F,46,B,Nayait,Michigan,Talete,Vigor-(A/B/C...),C,B,Produccion-(A/B/C...),B,C,Desempeno_General-(A/B/C...),C,B,Desempeno_General_VS_Local-(Mejor/Peor),Peor,Mejor,Peor
Frijol_156,XX_156,YY_156,CALLE ZZ156 NUMERO 145 PUEBLO B,87048613,F,28,B,Jamapa,Michigan,Nayait,Vigor-(A/B/C...),A,B,Produccion-(A/B/C...),B,A,Desempeno_General-(A/B/C...),A,B,Desempeno_General_VS_Local-(Mejor/Peor),Mejor,Mejor,Peor
Frijol_157,XX_157,YY_157,CALLE ZZ157 NUMERO 144 PUEBLO B,87058846,F,32,B,Jamapa,Bayo,Vaina Morada,Vigor-(A/B/C...),B,C,Produccion-(A/B/C...),C,B,Desempeno_General-(A/B/C...),B,C,Desempeno_General_VS_Local-(Mejor/Peor),Mejor,Mejor,Peor
Frijol_158,XX_158,YY_158,CALLE ZZ158 NUMERO 143 PUEBLO B,87069079,F,32,B,Nayait,Bayo,Michigan,Vigor-(A/B/C...),A,C,Produccion-(A/B/C...),C,A,Desempeno_General-(A/B/C...),A,C,Desempeno_General_VS_Local-(Mejor/Peor),Peor,Mejor,Mejor
Frijol_159,XX_159,YY_159,CALLE ZZ159 NUMERO 142 PUEBLO B,87079312,F,38,B,Vaina Blanca,Jamapa,Talete,Vigor-(A/B/C...),C,A,Produccion-(A/B/C...),A,C,Desempeno_General-(A/B/C...),C,A,Desempeno_General_VS_Local-(Mejor/Peor),Peor,Mejor,Peor
Frijol_160,XX_160,YY_160,CALLE ZZ160 NUMERO 141 PUEBLO B,87089545,F,36,B,Jamapa,Nayait,Talete,Vigor-(A/B/C...),C,A,Produccion-(A/B/C...),A,C,Desempeno_General-(A/B/C...),C,A,Desempeno_General_VS_Local-(Mejor/Peor),Mejor,Peor,Peor
Frijol_161,XX_161,YY_161,CALLE ZZ161 NUMERO 140 PUEBLO B,87099778,F,36,B,Jamapa,Nayait,Michigan,Vigor-(A/B/C...),A,C,Produccion-(A/B/C...),C,A,Desempeno_General-(A/B/C...),A,C,Desempeno_General_VS_Local-(Mejor/Peor),Mejor,Peor,Mejor
Frijol_162,XX_162,YY_162,CALLE ZZ162 NUMERO 139 PUEBLO B,87110011,F,40,B,Jamapa,Negro Criollo,Bayo,Vigor-(A/B/C...),B,C,Produccion-(A/B/C...),C,B,Desempeno_General-(A/B/C...),B,C,Desempeno_General_VS_Local-(Mejor/Peor),Mejor,Peor,Mejor
Frijol_163,XX_163,YY_163,CALLE ZZ163 NUMERO 138 PUEBLO B,87120244,F,33,B,Nayait,Michigan,Vaina Morada,Vigor-(A/B/C...),A,B,Produccion-(A/B/C...),B,A,Desempeno_General-(A/B/C...),A,B,Desempeno_General_VS_Local-(Mejor/Peor),Peor,Mejor,Peor
Frijol_164,XX_164,YY_164,CALLE ZZ164 NUMERO 137 PUEBLO B,87130477,F,37,B,Talete,Michigan,Vaina Morada,Vigor-(A/B/C...),A,B,Produccion-(A/B/C...),B,A,Desempeno_General-(A/B/C...),A,B,Desempeno_General_VS_Local-(Mejor/Peor),Peor,Mejor,Peor
Frijol_165,XX_165,YY_165,CALLE ZZ165 NUMERO 136 PUEBLO B,87140710,F,36,B,Michigan,Vaina Blanca,Bayo,Vigor-(A/B/C...),C,B,Produccion-(A/B/C...),B,C,Desempeno_General-(A/B/C...),C,B,Desempeno_General_VS_Local-(Mejor/Peor),Mejor,Peor,Mejor
Frijol_166,XX_166,YY_166,CALLE ZZ166 NUMERO 135 PUEBLO B,87150943,F,40,B,Nayait,Bayo,Vaina Blanca,Vigor-(A/B/C...),B,C,Produccion-(A/B/C...),C,B,Desempeno_General-(A/B/C...),B,C,Desempeno_General_VS_Local-(Mejor/Peor),Peor,Mejor,Peor
Frijol_167,XX_167,YY_167,CALLE ZZ167 NUMERO 134 PUEBLO B,87161176,F,40,B,Bayo,Vaina Blanca,Vaina Morada,Vigor-(A/B/C...),A,C,Produccion-(A/B/C...),C,A,Desempeno_General-(A/B/C...),A,C,Desempeno_General_VS_Local-(Mejor/Peor),Mejor,Peor,Peor
Frijol_168,XX_168,YY_168,CALLE ZZ168 NUMERO 133 PUEBLO B,87171409,F,33,B,Jamapa,Talete,Negro Criollo,Vigor-(A/B/C...),B,C,Produccion-(A/B/C...),C,B,Desempeno_General-(A/B/C...),B,C,Desempeno_General_VS_Local-(Mejor/Peor),Mejor,Peor,Peor
Frijol_169,XX_169,YY_169,CALLE ZZ169 NUMERO 132 PUEBLO B,87181642,F,35,B,Jamapa,Vaina Blanca,Bayo,Vigor-(A/B/C...),A,B,Produccion-(A/B/C...),B,A,Desempeno_General-(A/B/C...),A,B,Desempeno_General_VS_Local-(Mejor/Peor),Mejor,Peor,Mejor
Frijol_170,XX_170,YY_170,CALLE ZZ170 NUMERO 131 PUEBLO B,87191875,F,33,B,Jamapa,Bayo,Michigan,Vigor-(A/B/C...),B,C,Produccion-(A/B/C...),C,B,Desempeno_General-(A/B/C...),B,C,Desempeno_General_VS_Local-(Mejor/Peor),Mejor,Mejor,Mejor
Frijol_171,XX_171,YY_171,CALLE ZZ171 NUMERO 130 PUEBLO B,87202108,F,30,B,Talete,Jamapa,Vaina Morada,Vigor-(A/B/C...),B,C,Produccion-(A/B/C...),C,B,Desempeno_General-(A/B/C...),B,C,Desempeno_General_VS_Local-(Mejor/Peor),Peor,Mejor,Peor
Frijol_172,XX_172,YY_172,CALLE ZZ172 NUMERO 129 PUEBLO B,87212341,F,45,B,Vaina Morada,Michigan,Negro Criollo,Vigor-(A/B/C...),C,B,Produccion-(A/B/C...),B,C,Desempeno_General-(A/B/C...),C,B,Desempeno_General_VS_Local-(Mejor/Peor),Peor,Mejor,Peor
Frijol_173,XX_173,YY_173,CALLE ZZ173 NUMERO 128 PUEBLO B,87222574,F,29,B,Jamapa,Vaina Morada,Michigan,Vigor-(A/B/C...),A,C,Produccion-(A/B/C...),C,A,Desempeno_General-(A/B/C...),A,C,Desempeno_General_VS_Local-(Mejor/Peor),Mejor,Peor,Mejor
Frijol_174,XX_174,YY_174,CALLE ZZ174 NUMERO 127 PUEBLO B,87232807,F,30,B,Nayait,Jamapa,Vaina Blanca,Vigor-(A/B/C...),A,C,Produccion-(A/B/C...),C,A,Desempeno_General-(A/B/C...),A,C,Desempeno_General_VS_Local-(Mejor/Peor),Peor,Mejor,Peor
Frijol_175,XX_175,YY_175,CALLE ZZ175 NUMERO 126 PUEBLO B,87243040,F,37,B,Bayo,Negro Criollo,Nayait,Vigor-(A/B/C...),C,B,Produccion-(A/B/C...),B,C,Desempeno_General-(A/B/C...),C,B,Desempeno_General_VS_Local-(Mejor/Peor),Mejor,Peor,Peor
Frijol_176,XX_176,YY_176,CALLE ZZ176 NUMERO 125 PUEBLO B,87253273,F,45,B,Vaina Blanca,Negro Criollo,Vaina Morada,Vigor-(A/B/C...),B,A,Produccion-(A/B/C...),A,B,Desempeno_General-(A/B/C...),B,A,Desempeno_General_VS_Local-(Mejor/Peor),Peor,Peor,Peor
Frijol_177,XX_177,YY_177,CALLE ZZ177 NUMERO 124 PUEBLO B,87263506,F,38,B,Vaina Morada,Michigan,Bayo,Vigor-(A/B/C...),C,B,Produccion-(A/B/C...),B,C,Desempeno_General-(A/B/C...),C,B,Desempeno_General_VS_Local-(Mejor/Peor),Peor,Mejor,Mejor
Frijol_178,XX_178,YY_178,CALLE ZZ178 NUMERO 123 PUEBLO B,87273739,F,25,B,Talete,Negro Criollo,Vaina Blanca,Vigor-(A/B/C...),A,C,Produccion-(A/B/C...),C,A,Desempeno_General-(A/B/C...),A,C,Desempeno_General_VS_Local-(Mejor/Peor),Peor,Peor,Peor
Frijol_179,XX_179,YY_179,CALLE ZZ179 NUMERO 122 PUEBLO B,87283972,F,38,B,Michigan,Vaina Morada,Negro Criollo,Vigor-(A/B/C...),C,A,Produccion-(A/B/C...),A,C,Desempeno_General-(A/B/C...),C,A,Desempeno_General_VS_Local-(Mejor/Peor),Mejor,Peor,Peor
Frijol_180,XX_180,YY_180,CALLE ZZ180 NUMERO 121 PUEBLO B,87294205,F,34,B,Talete,Vaina Morada,Vaina Blanca,Vigor-(A/B/C...),A,C,Produccion-(A/B/C...),C,A,Desempeno_General-(A/B/C...),A,C,Desempeno_General_VS_Local-(Mejor/Peor),Peor,Peor,Peor
Frijol_181,XX_181,YY_181,CALLE ZZ181 NUMERO 120 PUEBLO B,87304438,F,37,B,Michigan,Vaina Blanca,Nayait,Vigor-(A/B/C...),C,A,Produccion-(A/B/C...),A,C,Desempeno_General-(A/B/C...),C,A,Desempeno_General_VS_Local-(Mejor/Peor),Mejor,Peor,Peor
Frijol_182,XX_182,YY_182,CALLE ZZ182 NUMERO 119 PUEBLO B,87314671,F,32,B,Michigan,Nayait,Vaina Morada,Vigor-(A/B/C...),B,C,Produccion-(A/B/C...),C,B,Desempeno_General-(A/B/C...),B,C,Desempeno_General_VS_Local-(Mejor/Peor),Mejor,Peor,Peor
Frijol_183,XX_183,YY_183,CALLE ZZ183 NUMERO 118 PUEBLO B,87324904,F,34,B,Vaina Morada,Vaina Blanca,Bayo,Vigor-(A/B/C...),C,B,Produccion-(A/B/C...),B,C,Desempeno_General-(A/B/C...),C,B,Desempeno_General_VS_Local-(Mejor/Peor),Peor,Peor,Mejor
Frijol_184,XX_184,YY_184,CALLE ZZ184 NUMERO 117 PUEBLO B,87335137,F,33,B,Nayait,Michigan,Negro Criollo,Vigor-(A/B/C...),C,B,Produccion-(A/B/C...),B,C,Desempeno_General-(A/B/C...),C,B,Desempeno_General_VS_Local-(Mejor/Peor),Peor,Mejor,Peor
Frijol_185,XX_185,YY_185,CALLE ZZ185 NUMERO 116 PUEBLO B,87345370,F,40,B,Vaina Morada,Bayo,Vaina Blanca,Vigor-(A/B/C...),B,C,Produccion-(A/B/C...),C,B,Desempeno_General-(A/B/C...),B,C,Desempeno_General_VS_Local-(Mejor/Peor),Peor,Mejor,Peor
Frijol_186,XX_186,YY_186,CALLE ZZ186 NUMERO 115 PUEBLO B,87355603,F,36,B,Vaina Morada,Bayo,Michigan,Vigor-(A/B/C...),B,C,Produccion-(A/B/C...),C,B,Desempeno_General-(A/B/C...),B,C,Desempeno_General_VS_Local-(Mejor/Peor),Peor,Mejor,Mejor
Frijol_187,XX_187,YY_187,CALLE ZZ187 NUMERO 114 PUEBLO B,87365836,F,37,B,Negro Criollo,Michigan,Talete,Vigor-(A/B/C...),C,B,Produccion-(A/B/C...),B,C,Desempeno_General-(A/B/C...),C,B,Desempeno_General_VS_Local-(Mejor/Peor),Peor,Mejor,Peor
Frijol_188,XX_188,YY_188,CALLE ZZ188 NUMERO 113 PUEBLO B,87376069,F,42,B,Negro Criollo,Talete,Bayo,Vigor-(A/B/C...),A,C,Produccion-(A/B/C...),C,A,Desempeno_General-(A/B/C...),A,C,Desempeno_General_VS_Local-(Mejor/Peor),Peor,Peor,Mejor
Frijol_189,XX_189,YY_189,CALLE ZZ189 NUMERO 112 PUEBLO B,87386302,F,33,B,Negro Criollo,Vaina Morada,Jamapa,Vigor-(A/B/C...),C,B,Produccion-(A/B/C...),B,C,Desempeno_General-(A/B/C...),C,B,Desempeno_General_VS_Local-(Mejor/Peor),Peor,Peor,Mejor
Frijol_190,XX_190,YY_190,CALLE ZZ190 NUMERO 111 PUEBLO B,87396535,F,44,B,Vaina Morada,Jamapa,Negro Criollo,Vigor-(A/B/C...),C,A,Produccion-(A/B/C...),A,C,Desempeno_General-(A/B/C...),C,A,Desempeno_General_VS_Local-(Mejor/Peor),Peor,Mejor,Peor
Frijol_191,XX_191,YY_191,CALLE ZZ191 NUMERO 110 PUEBLO B,87406768,F,39,B,Talete,Bayo,Michigan,Vigor-(A/B/C...),A,C,Produccion-(A/B/C...),C,A,Desempeno_General-(A/B/C...),A,C,Desempeno_General_VS_Local-(Mejor/Peor),Peor,Mejor,Mejor
Frijol_192,XX_192,YY_192,CALLE ZZ192 NUMERO 109 PUEBLO B,87417001,F,39,B,Nayait,Bayo,Jamapa,Vigor-(A/B/C...),A,B,Produccion-(A/B/C...),B,A,Desempeno_General-(A/B/C...),A,B,Desempeno_General_VS_Local-(Mejor/Peor),Peor,Mejor,Mejor
Frijol_193,XX_193,YY_193,CALLE ZZ193 NUMERO 108 PUEBLO B,87427234,F,22,B,Talete,Michigan,Vaina Blanca,Vigor-(A/B/C...),A,C,Produccion-(A/B/C...),C,A,Desempeno_General-(A/B/C...),A,C,Desempeno_General_VS_Local-(Mejor/Peor),Peor,Mejor,Peor
Frijol_194,XX_194,YY_194,CALLE ZZ194 NUMERO 107 PUEBLO B,87437467,F,35,B,Nayait,Vaina Morada,Michigan,Vigor-(A/B/C...),A,C,Produccion-(A/B/C...),C,A,Desempeno_General-(A/B/C...),A,C,Desempeno_General_VS_Local-(Mejor/Peor),Peor,Peor,Mejor
Frijol_195,XX_195,YY_195,CALLE ZZ195 NUMERO 106 PUEBLO B,87447700,F,29,B,Negro Criollo,Jamapa,Vaina Blanca,Vigor-(A/B/C...),B,C,Produccion-(A/B/C...),C,B,Desempeno_General-(A/B/C...),B,C,Desempeno_General_VS_Local-(Mejor/Peor),Peor,Mejor,Peor
Frijol_196,XX_196,YY_196,CALLE ZZ196 NUMERO 105 PUEBLO B,87457933,F,38,B,Vaina Morada,Michigan,Talete,Vigor-(A/B/C...),C,B,Produccion-(A/B/C...),B,C,Desempeno_General-(A/B/C...),C,B,Desempeno_General_VS_Local-(Mejor/Peor),Peor,Mejor,Peor
Frijol_197,XX_197,YY_197,CALLE ZZ197 NUMERO 104 PUEBLO B,87468166,F,35,B,Negro Criollo,Talete,Nayait,Vigor-(A/B/C...),C,A,Produccion-(A/B/C...),A,C,Desempeno_General-(A/B/C...),C,A,Desempeno_General_VS_Local-(Mejor/Peor),Peor,Peor,Peor
Frijol_198,XX_198,YY_198,CALLE ZZ198 NUMERO 103 PUEBLO B,87478399,F,32,B,Vaina Blanca,Jamapa,Michigan,Vigor-(A/B/C...),B,A,Produccion-(A/B/C...),A,B,Desempeno_General-(A/B/C...),B,A,Desempeno_General_VS_Local-(Mejor/Peor),Peor,Mejor,Mejor
Frijol_199,XX_199,YY_199,CALLE ZZ199 NUMERO 102 PUEBLO B,87488632,F,40,B,Vaina Blanca,Nayait,Bayo,Vigor-(A/B/C...),C,A,Produccion-(A/B/C...),A,C,Desempeno_General-(A/B/C...),C,A,Desempeno_General_VS_Local-(Mejor/Peor),Peor,Peor,Mejor
Frijol_200,XX_200,YY_200,CALLE ZZ200 NUMERO 101 PUEBLO B,87498865,F,33,B,Talete,Jamapa,Bayo,Vigor-(A/B/C...),A,C,Produccion-(A/B/C...),C,A,Desempeno_General-(A/B/C...),A,C,Desempeno_General_VS_Local-(Mejor/Peor),Peor,Mejor,Mejor
Frijol_201,XX_201,YY_201,CALLE ZZ201 NUMERO 100 PUEBLO B,87509098,M,34,B,Vaina Morada,Jamapa,Talete,Vigor-(A/B/C...),C,A,Produccion-(A/B/C...),A,C,Desempeno_General-(A/B/C...),C,A,Desempeno_General_VS_Local-(Mejor/Peor),Peor,Mejor,Peor
Frijol_202,XX_202,YY_202,CALLE ZZ202 NUMERO 99 PUEBLO C,87519331,M,41,C,Michigan,Negro Criollo,Jamapa,Vigor-(A/B/C...),B,A,Produccion-(A/B/C...),A,B,Desempeno_General-(A/B/C...),B,A,Desempeno_General_VS_Local-(Mejor/Peor),Mejor,Peor,Mejor
Frijol_203,XX_203,YY_203,CALLE ZZ203 NUMERO 98 PUEBLO C,87529564,M,37,C,Michigan,Negro Criollo,Nayait,Vigor-(A/B/C...),C,A,Produccion-(A/B/C...),A,C,Desempeno_General-(A/B/C...),C,A,Desempeno_General_VS_Local-(Mejor/Peor),Mejor,Peor,Peor
Frijol_204,XX_204,YY_204,CALLE ZZ204 NUMERO 97 PUEBLO C,87539797,M,34,C,Vaina Morada,Talete,Vaina Blanca,Vigor-(A/B/C...),B,C,Produccion-(A/B/C...),C,B,Desempeno_General-(A/B/C...),B,C,Desempeno_General_VS_Local-(Mejor/Peor),Peor,Peor,Peor
Frijol_205,XX_205,YY_205,CALLE ZZ205 NUMERO 96 PUEBLO C,87550030,M,41,C,Vaina Blanca,Michigan,Negro Criollo,Vigor-(A/B/C...),C,B,Produccion-(A/B/C...),B,C,Desempeno_General-(A/B/C...),C,B,Desempeno_General_VS_Local-(Mejor/Peor),Peor,Mejor,Peor
Frijol_206,XX_206,YY_206,CALLE ZZ206 NUMERO 95 PUEBLO C,87560263,M,32,C,Jamapa,Nayait,Vaina Morada,Vigor-(A/B/C...),A,C,Produccion-(A/B/C...),C,A,Desempeno_General-(A/B/C...),A,C,Desempeno_General_VS_Local-(Mejor/Peor),Mejor,Peor,Peor
Frijol_207,XX_207,YY_207,CALLE ZZ207 NUMERO 94 PUEBLO C,87570496,M,34,C,Bayo,Jamapa,Vaina Blanca,Vigor-(A/B/C...),B,C,Produccion-(A/B/C...),C,B,Desempeno_General-(A/B/C...),B,C,Desempeno_General_VS_Local-(Mejor/Peor),Mejor,Mejor,Peor
Frijol_208,XX_208,YY_208,CALLE ZZ208 NUMERO 93 PUEBLO C,87580729,M,43,C,Nayait,Vaina Blanca,Talete,Vigor-(A/B/C...),C,B,Produccion-(A/B/C...),B,C,Desempeno_General-(A/B/C...),C,B,Desempeno_General_VS_Local-(Mejor/Peor),Peor,Peor,Peor
Frijol_209,XX_209,YY_209,CALLE ZZ209 NUMERO 92 PUEBLO C,87590962,M,28,C,Bayo,Talete,Negro Criollo,Vigor-(A/B/C...),A,B,Produccion-(A/B/C...),B,A,Desempeno_General-(A/B/C...),A,B,Desempeno_General_VS_Local-(Mejor/Peor),Mejor,Peor,Peor
Frijol_210,XX_210,YY_210,CALLE ZZ210 NUMERO 91 PUEBLO C,87601195,M,40,C,Jamapa,Vaina Blanca,Bayo,Vigor-(A/B/C...),C,B,Produccion-(A/B/C...),B,C,Desempeno_General-(A/B/C...),C,B,Desempeno_General_VS_Local-(Mejor/Peor),Mejor,Peor,Mejor
Frijol_211,XX_211,YY_211,CALLE ZZ211 NUMERO 90 PUEBLO C,87611428,M,23,C,Michigan,Vaina Blanca,Jamapa,Vigor-(A/B/C...),C,B,Produccion-(A/B/C...),B,C,Desempeno_General-(A/B/C...),C,B,Desempeno_General_VS_Local-(Mejor/Peor),Mejor,Peor,Mejor
Frijol_212,XX_212,YY_212,CALLE ZZ212 NUMERO 89 PUEBLO C,87621661,M,43,C,Nayait,Talete,Michigan,Vigor-(A/B/C...),A,C,Produccion-(A/B/C...),C,A,Desempeno_General-(A/B/C...),A,C,Desempeno_General_VS_Local-(Mejor/Peor),Peor,Peor,Mejor
Frijol_213,XX_213,YY_213,CALLE ZZ213 NUMERO 88 PUEBLO C,87631894,M,31,C,Negro Criollo,Talete,Vaina Morada,Vigor-(A/B/C...),B,C,Produccion-(A/B/C...),C,B,Desempeno_General-(A/B/C...),B,C,Desempeno_General_VS_Local-(Mejor/Peor),Peor,Peor,Peor
Frijol_214,XX_214,YY_214,CALLE ZZ214 NUMERO 87 PUEBLO C,87642127,M,41,C,Talete,Negro Criollo,Bayo,Vigor-(A/B/C...),A,C,Produccion-(A/B/C...),C,A,Desempeno_General-(A/B/C...),A,C,Desempeno_General_VS_Local-(Mejor/Peor),Peor,Peor,Mejor
Frijol_215,XX_215,YY_215,CALLE ZZ215 NUMERO 86 PUEBLO C,87652360,M,44,C,Vaina Blanca,Negro Criollo,Michigan,Vigor-(A/B/C...),B,C,Produccion-(A/B/C...),C,B,Desempeno_General-(A/B/C...),B,C,Desempeno_General_VS_Local-(Mejor/Peor),Peor,Peor,Mejor
Frijol_216,XX_216,YY_216,CALLE ZZ216 NUMERO 85 PUEBLO C,87662593,M,41,C,Bayo,Negro Criollo,Jamapa,Vigor-(A/B/C...),A,C,Produccion-(A/B/C...),C,A,Desempeno_General-(A/B/C...),A,C,Desempeno_General_VS_Local-(Mejor/Peor),Mejor,Peor,Mejor
Frijol_217,XX_217,YY_217,CALLE ZZ217 NUMERO 84 PUEBLO C,87672826,M,41,C,Talete,Vaina Blanca,Bayo,Vigor-(A/B/C...),A,B,Produccion-(A/B/C...),B,A,Desempeno_General-(A/B/C...),A,B,Desempeno_General_VS_Local-(Mejor/Peor),Peor,Peor,Mejor
Frijol_218,XX_218,YY_218,CALLE ZZ218 NUMERO 83 PUEBLO C,87683059,M,31,C,Bayo,Michigan,Vaina Morada,Vigor-(A/B/C...),A,B,Produccion-(A/B/C...),B,A,Desempeno_General-(A/B/C...),A,B,Desempeno_General_VS_Local-(Mejor/Peor),Mejor,Mejor,Peor
Frijol_219,XX_219,YY_219,CALLE ZZ219 NUMERO 82 PUEBLO C,87693292,M,44,C,Jamapa,Vaina Blanca,Nayait,Vigor-(A/B/C...),C,B,Produccion-(A/B/C...),B,C,Desempeno_General-(A/B/C...),C,B,Desempeno_General_VS_Local-(Mejor/Peor),Mejor,Peor,Peor
Frijol_220,XX_220,YY_220,CALLE ZZ220 NUMERO 81 PUEBLO C,87703525,M,32,C,Negro Criollo,Nayait,Jamapa,Vigor-(A/B/C...),C,A,Produccion-(A/B/C...),A,C,Desempeno_General-(A/B/C...),C,A,Desempeno_General_VS_Local-(Mejor/Peor),Peor,Peor,Mejor
Frijol_221,XX_221,YY_221,CALLE ZZ221 NUMERO 80 PUEBLO C,87713758,M,42,C,Bayo,Jamapa,Michigan,Vigor-(A/B/C...),A,C,Produccion-(A/B/C...),C,A,Desempeno_General-(A/B/C...),A,C,Desempeno_General_VS_Local-(Mejor/Peor),Mejor,Mejor,Mejor
Frijol_222,XX_222,YY_222,CALLE ZZ222 NUMERO 79 PUEBLO C,87723991,M,46,C,Talete,Vaina Blanca,Michigan,Vigor-(A/B/C...),A,C,Produccion-(A/B/C...),C,A,Desempeno_General-(A/B/C...),A,C,Desempeno_General_VS_Local-(Mejor/Peor),Peor,Peor,Mejor
Frijol_223,XX_223,YY_223,CALLE ZZ223 NUMERO 78 PUEBLO C,87734224,M,33,C,Vaina Blanca,Talete,Jamapa,Vigor-(A/B/C...),C,A,Produccion-(A/B/C...),A,C,Desempeno_General-(A/B/C...),C,A,Desempeno_General_VS_Local-(Mejor/Peor),Peor,Peor,Mejor
Frijol_224,XX_224,YY_224,CALLE ZZ224 NUMERO 77 PUEBLO C,87744457,M,34,C,Negro Criollo,Jamapa,Vaina Morada,Vigor-(A/B/C...),B,C,Produccion-(A/B/C...),C,B,Desempeno_General-(A/B/C...),B,C,Desempeno_General_VS_Local-(Mejor/Peor),Peor,Mejor,Peor
Frijol_225,XX_225,YY_225,CALLE ZZ225 NUMERO 76 PUEBLO C,87754690,M,27,C,Vaina Morada,Nayait,Negro Criollo,Vigor-(A/B/C...),B,A,Produccion-(A/B/C...),A,B,Desempeno_General-(A/B/C...),B,A,Desempeno_General_VS_Local-(Mejor/Peor),Peor,Peor,Peor
Frijol_226,XX_226,YY_226,CALLE ZZ226 NUMERO 75 PUEBLO C,87764923,M,42,C,Nayait,Jamapa,Michigan,Vigor-(A/B/C...),A,C,Produccion-(A/B/C...),C,A,Desempeno_General-(A/B/C...),A,C,Desempeno_General_VS_Local-(Mejor/Peor),Peor,Mejor,Mejor
Frijol_227,XX_227,YY_227,CALLE ZZ227 NUMERO 74 PUEBLO C,87775156,M,33,C,Bayo,Nayait,Michigan,Vigor-(A/B/C...),B,C,Produccion-(A/B/C...),C,B,Desempeno_General-(A/B/C...),B,C,Desempeno_General_VS_Local-(Mejor/Peor),Mejor,Peor,Mejor
Frijol_228,XX_228,YY_228,CALLE ZZ228 NUMERO 73 PUEBLO C,87785389,M,27,C,Vaina Morada,Talete,Nayait,Vigor-(A/B/C...),B,A,Produccion-(A/B/C...),A,B,Desempeno_General-(A/B/C...),B,A,Desempeno_General_VS_Local-(Mejor/Peor),Peor,Peor,Peor
Frijol_229,XX_229,YY_229,CALLE ZZ229 NUMERO 72 PUEBLO C,87795622,M,22,C,Talete,Vaina Blanca,Vaina Morada,Vigor-(A/B/C...),A,B,Produccion-(A/B/C...),B,A,Desempeno_General-(A/B/C...),A,B,Desempeno_General_VS_Local-(Mejor/Peor),Peor,Peor,Peor
Frijol_230,XX_230,YY_230,CALLE ZZ230 NUMERO 71 PUEBLO C,87805855,M,42,C,Talete,Michigan,Jamapa,Vigor-(A/B/C...),A,B,Produccion-(A/B/C...),B,A,Desempeno_General-(A/B/C...),A,B,Desempeno_General_VS_Local-(Mejor/Peor),Peor,Mejor,Mejor
Frijol_231,XX_231,YY_231,CALLE ZZ231 NUMERO 70 PUEBLO C,87816088,M,38,C,Michigan,Vaina Blanca,Nayait,Vigor-(A/B/C...),C,A,Produccion-(A/B/C...),A,C,Desempeno_General-(A/B/C...),C,A,Desempeno_General_VS_Local-(Mejor/Peor),Mejor,Peor,Peor
Frijol_232,XX_232,YY_232,CALLE ZZ232 NUMERO 69 PUEBLO C,87826321,M,32,C,Talete,Jamapa,Michigan,Vigor-(A/B/C...),B,C,Produccion-(A/B/C...),C,B,Desempeno_General-(A/B/C...),B,C,Desempeno_General_VS_Local-(Mejor/Peor),Peor,Mejor,Mejor
Frijol_233,XX_233,YY_233,CALLE ZZ233 NUMERO 68 PUEBLO C,87836554,M,33,C,Nayait,Bayo,Vaina Morada,Vigor-(A/B/C...),B,C,Produccion-(A/B/C...),C,B,Desempeno_General-(A/B/C...),B,C,Desempeno_General_VS_Local-(Mejor/Peor),Peor,Mejor,Peor
Frijol_234,XX_234,YY_234,CALLE ZZ234 NUMERO 67 PUEBLO C,87846787,M,31,C,Vaina Blanca,Vaina Morada,Michigan,Vigor-(A/B/C...),B,A,Produccion-(A/B/C...),A,B,Desempeno_General-(A/B/C...),B,A,Desempeno_General_VS_Local-(Mejor/Peor),Peor,Peor,Mejor
Frijol_235,XX_235,YY_235,CALLE ZZ235 NUMERO 66 PUEBLO C,87857020,M,40,C,Vaina Blanca,Michigan,Bayo,Vigor-(A/B/C...),C,B,Produccion-(A/B/C...),B,C,Desempeno_General-(A/B/C...),C,B,Desempeno_General_VS_Local-(Mejor/Peor),Peor,Mejor,Mejor
Frijol_236,XX_236,YY_236,CALLE ZZ236 NUMERO 65 PUEBLO C,87867253,M,43,C,Jamapa,Talete,Vaina Morada,Vigor-(A/B/C...),B,C,Produccion-(A/B/C...),C,B,Desempeno_General-(A/B/C...),B,C,Desempeno_General_VS_Local-(Mejor/Peor),Mejor,Peor,Peor
Frijol_237,XX_237,YY_237,CALLE ZZ237 NUMERO 64 PUEBLO C,87877486,M,46,C,Bayo,Nayait,Michigan,Vigor-(A/B/C...),B,C,Produccion-(A/B/C...),C,B,Desempeno_General-(A/B/C...),B,C,Desempeno_General_VS_Local-(Mejor/Peor),Mejor,Peor,Mejor
Frijol_238,XX_238,YY_238,CALLE ZZ238 NUMERO 63 PUEBLO C,87887719,M,37,C,Vaina Morada,Michigan,Vaina Blanca,Vigor-(A/B/C...),A,B,Produccion-(A/B/C...),B,A,Desempeno_General-(A/B/C...),A,B,Desempeno_General_VS_Local-(Mejor/Peor),Peor,Mejor,Peor
Frijol_239,XX_239,YY_239,CALLE ZZ239 NUMERO 62 PUEBLO C,87897952,M,38,C,Talete,Michigan,Vaina Morada,Vigor-(A/B/C...),A,B,Produccion-(A/B/C...),B,A,Desempeno_General-(A/B/C...),A,B,Desempeno_General_VS_Local-(Mejor/Peor),Peor,Mejor,Peor
Frijol_240,XX_240,YY_240,CALLE ZZ240 NUMERO 61 PUEBLO C,87908185,M,37,C,Talete,Nayait,Vaina Blanca,Vigor-(A/B/C...),A,C,Produccion-(A/B/C...),C,A,Desempeno_General-(A/B/C...),A,C,Desempeno_General_VS_Local-(Mejor/Peor),Peor,Peor,Peor
Frijol_241,XX_241,YY_241,CALLE ZZ241 NUMERO 60 PUEBLO C,87918418,M,35,C,Negro Criollo,Vaina Morada,Vaina Blanca,Vigor-(A/B/C...),A,C,Produccion-(A/B/C...),C,A,Desempeno_General-(A/B/C...),A,C,Desempeno_General_VS_Local-(Mejor/Peor),Peor,Peor,Peor
Frijol_242,XX_242,YY_242,CALLE ZZ242 NUMERO 59 PUEBLO C,87928651,M,27,C,Vaina Blanca,Talete,Nayait,Vigor-(A/B/C...),B,A,Produccion-(A/B/C...),A,B,Desempeno_General-(A/B/C...),B,A,Desempeno_General_VS_Local-(Mejor/Peor),Peor,Peor,Peor
Frijol_243,XX_243,YY_243,CALLE ZZ243 NUMERO 58 PUEBLO C,87938884,M,34,C,Talete,Vaina Morada,Nayait,Vigor-(A/B/C...),A,B,Produccion-(A/B/C...),B,A,Desempeno_General-(A/B/C...),A,B,Desempeno_General_VS_Local-(Mejor/Peor),Peor,Peor,Peor
Frijol_244,XX_244,YY_244,CALLE ZZ244 NUMERO 57 PUEBLO C,87949117,M,32,C,Negro Criollo,Bayo,Nayait,Vigor-(A/B/C...),B,A,Produccion-(A/B/C...),A,B,Desempeno_General-(A/B/C...),B,A,Desempeno_General_VS_Local-(Mejor/Peor),Peor,Mejor,Peor
Frijol_245,XX_245,YY_245,CALLE ZZ245 NUMERO 56 PUEBLO C,87959350,M,32,C,Jamapa,Bayo,Talete,Vigor-(A/B/C...),C,A,Produccion-(A/B/C...),A,C,Desempeno_General-(A/B/C...),C,A,Desempeno_General_VS_Local-(Mejor/Peor),Mejor,Mejor,Peor
Frijol_246,XX_246,YY_246,CALLE ZZ246 NUMERO 55 PUEBLO C,87969583,M,37,C,Talete,Jamapa,Nayait,Vigor-(A/B/C...),A,C,Produccion-(A/B/C...),C,A,Desempeno_General-(A/B/C...),A,C,Desempeno_General_VS_Local-(Mejor/Peor),Peor,Mejor,Peor
Frijol_247,XX_247,YY_247,CALLE ZZ247 NUMERO 54 PUEBLO C,87979816,M,34,C,Vaina Blanca,Michigan,Jamapa,Vigor-(A/B/C...),C,B,Produccion-(A/B/C...),B,C,Desempeno_General-(A/B/C...),C,B,Desempeno_General_VS_Local-(Mejor/Peor),Peor,Mejor,Mejor
Frijol_248,XX_248,YY_248,CALLE ZZ248 NUMERO 53 PUEBLO C,87990049,M,40,C,Jamapa,Vaina Morada,Bayo,Vigor-(A/B/C...),A,B,Produccion-(A/B/C...),B,A,Desempeno_General-(A/B/C...),A,B,Desempeno_General_VS_Local-(Mejor/Peor),Mejor,Peor,Mejor
Frijol_249,XX_249,YY_249,CALLE ZZ249 NUMERO 52 PUEBLO C,88000282,M,37,C,Nayait,Talete,Negro Criollo,Vigor-(A/B/C...),A,C,Produccion-(A/B/C...),C,A,Desempeno_General-(A/B/C...),A,C,Desempeno_General_VS_Local-(Mejor/Peor),Peor,Peor,Peor
Frijol_250,XX_250,YY_250,CALLE ZZ250 NUMERO 51 PUEBLO C,88010515,M,30,C,Vaina Blanca,Vaina Morada,Negro Criollo,Vigor-(A/B/C...),C,A,Produccion-(A/B/C...),A,C,Desempeno_General-(A/B/C...),C,A,Desempeno_General_VS_Local-(Mejor/Peor),Peor,Peor,Peor
Frijol_251,XX_251,YY_251,CALLE ZZ251 NUMERO 50 PUEBLO C,88020748,F,31,C,Nayait,Jamapa,Negro Criollo,Vigor-(A/B/C...),B,A,Produccion-(A/B/C...),A,B,Desempeno_General-(A/B/C...),B,A,Desempeno_General_VS_Local-(Mejor/Peor),Peor,Mejor,Peor
Frijol_252,XX_252,YY_252,CALLE ZZ252 NUMERO 49 PUEBLO C,88030981,F,36,C,Talete,Bayo,Jamapa,Vigor-(A/B/C...),C,B,Produccion-(A/B/C...),B,C,Desempeno_General-(A/B/C...),C,B,Desempeno_General_VS_Local-(Mejor/Peor),Peor,Mejor,Mejor
Frijol_253,XX_253,YY_253,CALLE ZZ253 NUMERO 48 PUEBLO C,88041214,F,29,C,Talete,Vaina Morada,Negro Criollo,Vigor-(A/B/C...),A,C,Produccion-(A/B/C...),C,A,Desempeno_General-(A/B/C...),A,C,Desempeno_General_VS_Local-(Mejor/Peor),Peor,Peor,Peor
Frijol_254,XX_254,YY_254,CALLE ZZ254 NUMERO 47 PUEBLO C,88051447,F,31,C,Nayait,Negro Criollo,Talete,Vigor-(A/B/C...),C,B,Produccion-(A/B/C...),B,C,Desempeno_General-(A/B/C...),C,B,Desempeno_General_VS_Local-(Mejor/Peor),Peor,Peor,Peor
Frijol_255,XX_255,YY_255,CALLE ZZ255 NUMERO 46 PUEBLO C,88061680,F,36,C,Bayo,Jamapa,Negro Criollo,Vigor-(A/B/C...),B,A,Produccion-(A/B/C...),A,B,Desempeno_General-(A/B/C...),B,A,Desempeno_General_VS_Local-(Mejor/Peor),Mejor,Mejor,Peor
Frijol_256,XX_256,YY_256,CALLE ZZ256 NUMERO 45 PUEBLO C,88071913,F,33,C,Michigan,Nayait,Negro Criollo,Vigor-(A/B/C...),C,A,Produccion-(A/B/C...),A,C,Desempeno_General-(A/B/C...),C,A,Desempeno_General_VS_Local-(Mejor/Peor),Mejor,Peor,Peor
Frijol_257,XX_257,YY_257,CALLE ZZ257 NUMERO 44 PUEBLO C,88082146,F,32,C,Talete,Vaina Morada,Jamapa,Vigor-(A/B/C...),A,B,Produccion-(A/B/C...),B,A,Desempeno_General-(A/B/C...),A,B,Desempeno_General_VS_Local-(Mejor/Peor),Peor,Peor,Mejor
Frijol_258,XX_258,YY_258,CALLE ZZ258 NUMERO 43 PUEBLO C,88092379,F,42,C,Vaina Morada,Nayait,Bayo,Vigor-(A/B/C...),B,A,Produccion-(A/B/C...),A,B,Desempeno_General-(A/B/C...),B,A,Desempeno_General_VS_Local-(Mejor/Peor),Peor,Peor,Mejor
Frijol_259,XX_259,YY_259,CALLE ZZ259 NUMERO 42 PUEBLO C,88102612,F,46,C,Jamapa,Negro Criollo,Vaina Blanca,Vigor-(A/B/C...),B,C,Produccion-(A/B/C...),C,B,Desempeno_General-(A/B/C...),B,C,Desempeno_General_VS_Local-(Mejor/Peor),Mejor,Peor,Peor
Frijol_260,XX_260,YY_260,CALLE ZZ260 NUMERO 41 PUEBLO C,88112845,F,23,C,Jamapa,Negro Criollo,Nayait,Vigor-(A/B/C...),A,C,Produccion-(A/B/C...),C,A,Desempeno_General-(A/B/C...),A,C,Desempeno_General_VS_Local-(Mejor/Peor),Mejor,Peor,Peor
Frijol_261,XX_261,YY_261,CALLE ZZ261 NUMERO 40 PUEBLO C,88123078,F,42,C,Nayait,Jamapa,Negro Criollo,Vigor-(A/B/C...),A,B,Produccion-(A/B/C...),B,A,Desempeno_General-(A/B/C...),A,B,Desempeno_General_VS_Local-(Mejor/Peor),Peor,Mejor,Peor
Frijol_262,XX_262,YY_262,CALLE ZZ262 NUMERO 39 PUEBLO C,88133311,F,29,C,Vaina Blanca,Michigan,Nayait,Vigor-(A/B/C...),C,A,Produccion-(A/B/C...),A,C,Desempeno_General-(A/B/C...),C,A,Desempeno_General_VS_Local-(Mejor/Peor),Peor,Mejor,Peor
Frijol_263,XX_263,YY_263,CALLE ZZ263 NUMERO 38 PUEBLO C,88143544,F,22,C,Bayo,Talete,Nayait,Vigor-(A/B/C...),B,C,Produccion-(A/B/C...),C,B,Desempeno_General-(A/B/C...),B,C,Desempeno_General_VS_Local-(Mejor/Peor),Mejor,Peor,Peor
Frijol_264,XX_264,YY_264,CALLE ZZ264 NUMERO 37 PUEBLO C,88153777,F,35,C,Jamapa,Bayo,Vaina Blanca,Vigor-(A/B/C...),B,C,Produccion-(A/B/C...),C,B,Desempeno_General-(A/B/C...),B,C,Desempeno_General_VS_Local-(Mejor/Peor),Mejor,Mejor,Peor
Frijol_265,XX_265,YY_265,CALLE ZZ265 NUMERO 36 PUEBLO C,88164010,F,43,C,Bayo,Negro Criollo,Vaina Morada,Vigor-(A/B/C...),A,C,Produccion-(A/B/C...),C,A,Desempeno_General-(A/B/C...),A,C,Desempeno_General_VS_Local-(Mejor/Peor),Mejor,Peor,Peor
Frijol_266,XX_266,YY_266,CALLE ZZ266 NUMERO 35 PUEBLO C,88174243,F,31,C,Nayait,Talete,Bayo,Vigor-(A/B/C...),B,A,Produccion-(A/B/C...),A,B,Desempeno_General-(A/B/C...),B,A,Desempeno_General_VS_Local-(Mejor/Peor),Peor,Peor,Mejor
Frijol_267,XX_267,YY_267,CALLE ZZ267 NUMERO 34 PUEBLO C,88184476,F,40,C,Nayait,Michigan,Negro Criollo,Vigor-(A/B/C...),A,B,Produccion-(A/B/C...),B,A,Desempeno_General-(A/B/C...),A,B,Desempeno_General_VS_Local-(Mejor/Peor),Peor,Mejor,Peor
Frijol_268,XX_268,YY_268,CALLE ZZ268 NUMERO 33 PUEBLO C,88194709,F,45,C,Vaina Morada,Bayo,Negro Criollo,Vigor-(A/B/C...),C,B,Produccion-(A/B/C...),B,C,Desempeno_General-(A/B/C...),C,B,Desempeno_General_VS_Local-(Mejor/Peor),Peor,Mejor,Peor
Frijol_269,XX_269,YY_269,CALLE ZZ269 NUMERO 32 PUEBLO C,88204942,F,44,C,Nayait,Jamapa,Talete,Vigor-(A/B/C...),C,A,Produccion-(A/B/C...),A,C,Desempeno_General-(A/B/C...),C,A,Desempeno_General_VS_Local-(Mejor/Peor),Peor,Mejor,Peor
Frijol_270,XX_270,YY_270,CALLE ZZ270 NUMERO 31 PUEBLO C,88215175,F,23,C,Talete,Vaina Blanca,Michigan,Vigor-(A/B/C...),A,B,Produccion-(A/B/C...),B,A,Desempeno_General-(A/B/C...),A,B,Desempeno_General_VS_Local-(Mejor/Peor),Peor,Peor,Mejor
Frijol_271,XX_271,YY_271,CALLE ZZ271 NUMERO 30 PUEBLO C,88225408,F,25,C,Vaina Blanca,Talete,Negro Criollo,Vigor-(A/B/C...),B,A,Produccion-(A/B/C...),A,B,Desempeno_General-(A/B/C...),B,A,Desempeno_General_VS_Local-(Mejor/Peor),Peor,Peor,Peor
Frijol_272,XX_272,YY_272,CALLE ZZ272 NUMERO 29 PUEBLO C,88235641,F,38,C,Bayo,Nayait,Vaina Blanca,Vigor-(A/B/C...),A,C,Produccion-(A/B/C...),C,A,Desempeno_General-(A/B/C...),A,C,Desempeno_General_VS_Local-(Mejor/Peor),Mejor,Peor,Peor
Frijol_273,XX_273,YY_273,CALLE ZZ273 NUMERO 28 PUEBLO C,88245874,F,31,C,Vaina Blanca,Vaina Morada,Bayo,Vigor-(A/B/C...),C,A,Produccion-(A/B/C...),A,C,Desempeno_General-(A/B/C...),C,A,Desempeno_General_VS_Local-(Mejor/Peor),Peor,Peor,Mejor
Frijol_274,XX_274,YY_274,CALLE ZZ274 NUMERO 27 PUEBLO C,88256107,F,35,C,Jamapa,Bayo,Talete,Vigor-(A/B/C...),C,A,Produccion-(A/B/C...),A,C,Desempeno_General-(A/B/C...),C,A,Desempeno_General_VS_Local-(Mejor/Peor),Mejor,Mejor,Peor
Frijol_275,XX_275,YY_275,CALLE ZZ275 NUMERO 26 PUEBLO C,88266340,F,35,C,Nayait,Talete,Jamapa,Vigor-(A/B/C...),B,A,Produccion-(A/B/C...),A,B,Desempeno_General-(A/B/C...),B,A,Desempeno_General_VS_Local-(Mejor/Peor),Peor,Peor,Mejor
Frijol_276,XX_276,YY_276,CALLE ZZ276 NUMERO 25 PUEBLO C,88276573,F,33,C,Nayait,Vaina Morada,Talete,Vigor-(A/B/C...),A,B,Produccion-(A/B/C...),B,A,Desempeno_General-(A/B/C...),A,B,Desempeno_General_VS_Local-(Mejor/Peor),Peor,Peor,Peor
Frijol_277,XX_277,YY_277,CALLE ZZ277 NUMERO 24 PUEBLO C,88286806,F,41,C,Negro Criollo,Bayo,Vaina Blanca,Vigor-(A/B/C...),A,C,Produccion-(A/B/C...),C,A,Desempeno_General-(A/B/C...),A,C,Desempeno_General_VS_Local-(Mejor/Peor),Peor,Mejor,Peor
Frijol_278,XX_278,YY_278,CALLE ZZ278 NUMERO 23 PUEBLO C,88297039,F,28,C,Bayo,Negro Criollo,Jamapa,Vigor-(A/B/C...),A,B,Produccion-(A/B/C...),B,A,Desempeno_General-(A/B/C...),A,B,Desempeno_General_VS_Local-(Mejor/Peor),Mejor,Peor,Mejor
Frijol_279,XX_279,YY_279,CALLE ZZ279 NUMERO 22 PUEBLO C,88307272,F,24,C,Nayait,Vaina Morada,Negro Criollo,Vigor-(A/B/C...),C,B,Produccion-(A/B/C...),B,C,Desempeno_General-(A/B/C...),C,B,Desempeno_General_VS_Local-(Mejor/Peor),Peor,Peor,Peor
Frijol_280,XX_280,YY_280,CALLE ZZ280 NUMERO 21 PUEBLO C,88317505,F,31,C,Vaina Morada,Vaina Blanca,Jamapa,Vigor-(A/B/C...),C,B,Produccion-(A/B/C...),B,C,Desempeno_General-(A/B/C...),C,B,Desempeno_General_VS_Local-(Mejor/Peor),Peor,Peor,Mejor
Frijol_281,XX_281,YY_281,CALLE ZZ281 NUMERO 20 PUEBLO C,88327738,F,36,C,Vaina Blanca,Michigan,Jamapa,Vigor-(A/B/C...),C,B,Produccion-(A/B/C...),B,C,Desempeno_General-(A/B/C...),C,B,Desempeno_General_VS_Local-(Mejor/Peor),Peor,Mejor,Mejor
Frijol_282,XX_282,YY_282,CALLE ZZ282 NUMERO 19 PUEBLO C,88337971,F,42,C,Vaina Blanca,Negro Criollo,Bayo,Vigor-(A/B/C...),C,A,Produccion-(A/B/C...),A,C,Desempeno_General-(A/B/C...),C,A,Desempeno_General_VS_Local-(Mejor/Peor),Peor,Peor,Mejor
Frijol_283,XX_283,YY_283,CALLE ZZ283 NUMERO 18 PUEBLO C,88348204,F,29,C,Michigan,Vaina Morada,Jamapa,Vigor-(A/B/C...),C,A,Produccion-(A/B/C...),A,C,Desempeno_General-(A/B/C...),C,A,Desempeno_General_VS_Local-(Mejor/Peor),Mejor,Peor,Mejor
Frijol_284,XX_284,YY_284,CALLE ZZ284 NUMERO 17 PUEBLO C,88358437,F,41,C,Talete,Vaina Morada,Nayait,Vigor-(A/B/C...),A,B,Produccion-(A/B/C...),B,A,Desempeno_General-(A/B/C...),A,B,Desempeno_General_VS_Local-(Mejor/Peor),Peor,Peor,Peor
Frijol_285,XX_285,YY_285,CALLE ZZ285 NUMERO 16 PUEBLO C,88368670,F,26,C,Vaina Blanca,Michigan,Vaina Morada,Vigor-(A/B/C...),C,A,Produccion-(A/B/C...),A,C,Desempeno_General-(A/B/C...),C,A,Desempeno_General_VS_Local-(Mejor/Peor),Peor,Mejor,Peor
Frijol_286,XX_286,YY_286,CALLE ZZ286 NUMERO 15 PUEBLO C,88378903,F,34,C,Talete,Negro Criollo,Jamapa,Vigor-(A/B/C...),C,B,Produccion-(A/B/C...),B,C,Desempeno_General-(A/B/C...),C,B,Desempeno_General_VS_Local-(Mejor/Peor),Peor,Peor,Mejor
Frijol_287,XX_287,YY_287,CALLE ZZ287 NUMERO 14 PUEBLO C,88389136,F,32,C,Negro Criollo,Vaina Morada,Bayo,Vigor-(A/B/C...),C,B,Produccion-(A/B/C...),B,C,Desempeno_General-(A/B/C...),C,B,Desempeno_General_VS_Local-(Mejor/Peor),Peor,Peor,Mejor
Frijol_288,XX_288,YY_288,CALLE ZZ288 NUMERO 13 PUEBLO C,88399369,F,38,C,Vaina Morada,Negro Criollo,Talete,Vigor-(A/B/C...),C,B,Produccion-(A/B/C...),B,C,Desempeno_General-(A/B/C...),C,B,Desempeno_General_VS_Local-(Mejor/Peor),Peor,Peor,Peor
Frijol_289,XX_289,YY_289,CALLE ZZ289 NUMERO 12 PUEBLO C,88409602,F,27,C,Talete,Negro Criollo,Nayait,Vigor-(A/B/C...),C,B,Produccion-(A/B/C...),B,C,Desempeno_General-(A/B/C...),C,B,Desempeno_General_VS_Local-(Mejor/Peor),Peor,Peor,Peor
Frijol_290,XX_290,YY_290,CALLE ZZ290 NUMERO 11 PUEBLO C,88419835,F,39,C,Vaina Blanca,Michigan,Negro Criollo,Vigor-(A/B/C...),C,B,Produccion-(A/B/C...),B,C,Desempeno_General-(A/B/C...),C,B,Desempeno_General_VS_Local-(Mejor/Peor),Peor,Mejor,Peor
Frijol_291,XX_291,YY_291,CALLE ZZ291 NUMERO 10 PUEBLO C,88430068,F,36,C,Jamapa,Negro Criollo,Talete,Vigor-(A/B/C...),C,B,Produccion-(A/B/C...),B,C,Desempeno_General-(A/B/C...),C,B,Desempeno_General_VS_Local-(Mejor/Peor),Mejor,Peor,Peor
Frijol_292,XX_292,YY_292,CALLE ZZ292 NUMERO 9 PUEBLO C,88440301,F,41,C,Vaina Blanca,Vaina Morada,Jamapa,Vigor-(A/B/C...),C,A,Produccion-(A/B/C...),A,C,Desempeno_General-(A/B/C...),C,A,Desempeno_General_VS_Local-(Mejor/Peor),Peor,Peor,Mejor
Frijol_293,XX_293,YY_293,CALLE ZZ293 NUMERO 8 PUEBLO C,88450534,F,27,C,Bayo,Negro Criollo,Michigan,Vigor-(A/B/C...),A,C,Produccion-(A/B/C...),C,A,Desempeno_General-(A/B/C...),A,C,Desempeno_General_VS_Local-(Mejor/Peor),Mejor,Peor,Mejor
Frijol_294,XX_294,YY_294,CALLE ZZ294 NUMERO 7 PUEBLO C,88460767,F,27,C,Bayo,Talete,Vaina Morada,Vigor-(A/B/C...),A,C,Produccion-(A/B/C...),C,A,Desempeno_General-(A/B/C...),A,C,Desempeno_General_VS_Local-(Mejor/Peor),Mejor,Peor,Peor
Frijol_295,XX_295,YY_295,CALLE ZZ295 NUMERO 6 PUEBLO C,88471000,F,33,C,Bayo,Talete,Michigan,Vigor-(A/B/C...),A,C,Produccion-(A/B/C...),C,A,Desempeno_General-(A/B/C...),A,C,Desempeno_General_VS_Local-(Mejor/Peor),Mejor,Peor,Mejor
Frijol_296,XX_296,YY_296,CALLE ZZ296 NUMERO 5 PUEBLO C,88481233,F,33,C,Nayait,Bayo,Vaina Morada,Vigor-(A/B/C...),A,C,Produccion-(A/B/C...),C,A,Desempeno_General-(A/B/C...),A,C,Desempeno_General_VS_Local-(Mejor/Peor),Peor,Mejor,Peor
Frijol_297,XX_297,YY_297,CALLE ZZ297 NUMERO 4 PUEBLO C,88491466,F,37,C,Jamapa,Negro Criollo,Talete,Vigor-(A/B/C...),C,B,Produccion-(A/B/C...),B,C,Desempeno_General-(A/B/C...),C,B,Desempeno_General_VS_Local-(Mejor/Peor),Mejor,Peor,Peor
Frijol_298,XX_298,YY_298,CALLE ZZ298 NUMERO 3 PUEBLO C,88501699,F,43,C,Jamapa,Bayo,Vaina Morada,Vigor-(A/B/C...),B,C,Produccion-(A/B/C...),C,B,Desempeno_General-(A/B/C...),B,C,Desempeno_General_VS_Local-(Mejor/Peor),Mejor,Mejor,Peor
Frijol_299,XX_299,YY_299,CALLE ZZ299 NUMERO 2 PUEBLO C,88511932,F,39,C,Jamapa,Bayo,Vaina Blanca,Vigor-(A/B/C...),A,C,Produccion-(A/B/C...),C,A,Desempeno_General-(A/B/C...),A,C,Desempeno_General_VS_Local-(Mejor/Peor),Mejor,Mejor,Peor
Frijol_300,XX_300,YY_300,CALLE ZZ300 NUMERO 1 PUEBLO C,88522165,F,44,C,Negro Criollo,Talete,Michigan,Vigor-(A/B/C...),B,C,Produccion-(A/B/C...),C,B,Desempeno_General-(A/B/C...),B,C,Desempeno_General_VS_Local-(Mejor/Peor),Peor,Peor,Mejor
